"caseid","season","holiday","workday","weather","temperature","humidity","windspeed","casual","registered","rentals"
1,1,1,1,2,14.1108465194702,80.5832977294922,10.7498817443848,331,654,985
2,1,1,1,2,14.9025983810425,69.6087036132812,16.6521129608154,131,670,801
3,1,1,0,1,8.05092430114746,43.7272987365723,16.6367034912109,120,1229,1349
4,1,1,0,1,8.19999980926514,59.0435028076172,10.7398319244385,108,1454,1562
5,1,1,0,1,9.30523681640625,43.6957015991211,12.5223007202148,82,1518,1600
6,1,1,0,1,8.37826824188232,51.8261032104492,6.00086879730225,88,1518,1606
7,1,1,0,2,8.05740165710449,49.8695983886719,11.3046417236328,148,1362,1510
8,1,1,1,2,6.76500034332275,53.5833015441895,17.8758678436279,68,891,959
9,1,1,1,1,5.67165279388428,43.4166984558105,24.2506504058838,54,768,822
10,1,1,0,1,6.18415260314941,48.2917022705078,14.9588890075684,41,1280,1321
11,1,1,0,2,6.93273115158081,68.6363983154297,8.1828441619873,43,1220,1263
12,1,1,0,1,7.08180713653564,59.9544982910156,20.4100093841553,25,1137,1162
13,1,1,0,1,6.76500034332275,47.0416984558105,20.1669998168945,38,1368,1406
14,1,1,0,1,6.59567022323608,53.782600402832,8.47871685028076,54,1367,1421
15,1,1,1,2,9.56665325164795,49.875,10.5835208892822,222,1026,1248
16,1,1,1,1,9.49834728240967,48.375,12.6250114440918,251,953,1204
17,1,0,1,2,7.209153175354,53.7500038146973,12.9991388320923,117,883,1000
18,1,1,0,2,8.88334655761719,86.1666946411133,9.83392524719238,9,674,683
19,1,1,0,2,11.9791345596313,74.1738967895508,13.957239151001,78,1572,1650
20,1,1,0,2,10.7283477783203,53.8333015441895,13.1255683898926,83,1844,1927
21,1,1,0,1,7.27749967575073,45.7082977294922,23.66721534729,75,1468,1543
22,1,1,1,1,2.42434644699097,40,11.5219898223877,93,888,981
23,1,1,1,1,3.95738959312439,43.6521987915039,16.5221996307373,150,836,986
24,1,1,0,1,3.9930431842804,49.173900604248,10.6081094741821,86,1330,1416
25,1,1,0,2,9.16259860992432,61.6957015991211,8.69633197784424,186,1799,1985
26,1,1,0,3,8.91750049591064,86.25,19.6879501342773,34,472,506
27,1,1,0,1,7.99499988555908,68.75,7.62707901000977,15,416,431
28,1,1,0,2,8.34259796142578,79.3042984008789,8.26109981536865,38,1129,1167
29,1,1,1,1,8.05740165710449,65.1738967895508,9.7394552230835,123,975,1098
30,1,1,1,1,8.87740135192871,72.217399597168,4.9568338394165,140,956,1096
31,1,1,0,2,7.41415309906006,60.375,12.5418634414673,42,1459,1501
32,1,1,0,2,7.87913417816162,82.9564971923828,3.56527090072632,47,1313,1360
33,1,1,0,2,10.6599998474121,77.5416946411133,17.7086372375488,72,1454,1526
34,1,1,0,1,7.66523694992065,43.782600402832,18.6093845367432,61,1489,1550
35,1,1,0,2,8.6634635925293,58.5216979980469,8.56521320343018,88,1620,1708
36,1,1,1,2,9.56665325164795,92.9166946411133,10.792293548584,100,905,1005
37,1,1,1,1,11.7191534042358,56.8333015441895,9.50059986114502,354,1269,1623
38,1,1,0,1,11.1383476257324,73.8332977294922,3.04235625267029,120,1592,1712
39,1,1,0,1,9.05415344238281,53.7917022705078,24.2506504058838,64,1466,1530
40,1,1,0,2,5.52610301971436,49.4783020019531,12.6522130966187,53,1552,1605
41,1,1,0,1,5.91826772689819,43.7391014099121,14.8696451187134,47,1491,1538
42,1,1,0,1,7.75273084640503,50.6363983154297,7.27285003662109,149,1597,1746
43,1,1,1,1,9.12249946594238,54.4166984558105,13.6255884170532,288,1184,1472
44,1,1,1,1,12.9774017333984,45.7390975952148,17.4791603088379,397,1192,1589
45,1,1,0,1,17.0149993896484,37.5833015441895,27.9998359680176,208,1705,1913
46,1,1,0,1,10.9095668792725,31.4348011016846,19.5220584869385,140,1675,1815
47,1,1,0,1,13.0487012863159,42.3478012084961,16.8699970245361,218,1897,2115
48,1,1,0,1,17.8691539764404,50.5,15.4169683456421,259,2216,2475
49,1,1,0,1,21.3883476257324,51.6667022705078,17.7499752044678,579,2348,2927
50,1,1,1,1,16.3658466339111,18.7916984558105,34.0000190734863,532,1103,1635
51,1,1,1,1,11.6938962936401,40.782600402832,14.9567451477051,639,1173,1812
52,1,0,1,2,12.436653137207,60.5,20.6256828308105,195,912,1107
53,1,1,0,1,7.47110176086426,57.7777976989746,13.1107616424561,74,1376,1450
54,1,1,0,1,9.09129905700684,42.3043022155762,6.30557107925415,139,1778,1917
55,1,1,0,2,12.1217317581177,69.7390975952148,16.7832317352295,100,1707,1807
56,1,1,0,2,14.9382677078247,71.217399597168,23.2181129455566,120,1341,1461
57,1,1,1,1,11.5824995040894,53.7917022705078,12.5002574920654,424,1545,1969
58,1,1,1,1,14.0825977325439,68,8.39161586761475,694,1708,2402
59,1,1,0,2,16.6981925964355,87.6363983154297,19.4089622497559,81,1365,1446
60,1,1,0,1,10.9333477020264,53.5000038146973,14.5004749298096,137,1714,1851
61,1,1,0,1,13.7350006103516,44.9582977294922,20.6248092651367,231,1903,2134
62,1,1,0,1,8.13165283203125,31.8332996368408,15.1255178451538,123,1562,1685
63,1,1,0,2,10.7283477783203,61.0417022705078,13.6241817474365,214,1730,1944
64,1,1,1,2,15.750846862793,78.9167022705078,16.8753566741943,640,1437,2077
65,1,1,1,2,15.4374017715454,94.8261032104492,23.0002288818359,114,491,605
66,1,1,0,1,10.7312984466553,55.1303977966309,22.8705825805664,244,1628,1872
67,1,1,0,1,11.9924993515015,42.0832977294922,8.08355045318604,316,1817,2133
68,1,1,0,2,12.1291522979736,77.5416946411133,14.7500495910645,191,1700,1891
69,1,1,0,3,15.9527320861816,0,17.5457592010498,46,577,623
70,1,1,0,2,12.9774017333984,64.9564971923828,15.6089897155762,247,1730,1977
71,1,1,1,1,13.4958477020264,59.4582977294922,14.7919244766235,724,1408,2132
72,1,1,1,1,15.7582683563232,52.7391014099121,18.1304683685303,982,1435,2417
73,1,1,0,1,13.3338975906372,49.6957015991211,9.17404174804688,359,1687,2046
74,1,1,0,2,13.0130310058594,65.5652008056641,12.3487033843994,289,1767,2056
75,1,1,0,2,14.9738969802856,77.6521987915039,13.6088390350342,321,1871,2192
76,1,1,0,1,17.0149993896484,60.2917022705078,14.0417938232422,424,2320,2744
77,1,1,0,1,22.1400012969971,52.5216979980469,15.478138923645,884,2355,3239
78,1,1,1,1,19.3724994659424,37.9166984558105,24.6671905517578,1424,1693,3117
79,1,1,1,1,13.6325006484985,47.375,13.9173069000244,1047,1424,2471
80,2,1,0,2,17.647834777832,73.7390975952148,19.348461151123,401,1676,2077
81,2,1,0,1,18.1083469390869,62.4583015441895,15.1252498626709,460,2243,2703
82,2,1,0,2,14.2252368927002,83.9564971923828,15.6954870223999,203,1918,2121
83,2,1,0,2,11.6849994659424,80.5832977294922,16.3337287902832,166,1699,1865
84,2,1,0,1,10.8308477401733,49.5,15.4585752487183,300,1910,2210
85,2,1,1,1,10.8991527557373,39.4167022705078,14.0412569046021,981,1515,2496
86,2,1,1,2,10.3747625350952,49.391300201416,12.3481006622314,472,1221,1693
87,2,1,0,1,10.8382682800293,30.217399597168,14.2176675796509,222,1806,2028
88,2,1,0,1,12.4025001525879,31.4166984558105,15.2087326049805,317,2108,2425
89,2,1,0,2,12.3000001907349,64.6667022705078,11.58349609375,168,1368,1536
90,2,1,0,3,11.0016527175903,91.8332977294922,14.5822820663452,179,1506,1685
91,2,1,0,2,12.3000001907349,68.625,17.3334350585938,307,1920,2227
92,2,1,1,2,12.914999961853,65.375,13.2087821960449,898,1354,2252
93,2,1,1,1,15.5116529464722,48,12.2082710266113,1651,1598,3249
94,2,1,0,1,23.5066547393799,42.625,25.8332576751709,734,2381,3115
95,2,1,0,2,16.9808464050293,64.2082977294922,26.0004901885986,167,1628,1795
96,2,1,0,1,16.0241527557373,47.0833015441895,17.6252212524414,413,2395,2808
97,2,1,0,1,17.9375,60.2917022705078,10.874903678894,571,2570,3141
98,2,1,0,2,13.7691535949707,83.625,15.2084636688232,172,1299,1471
99,2,1,1,2,14.0425004959106,87.75,8.91656112670898,879,1576,2455
100,2,1,1,2,17.4933471679688,85.75,9.83338928222656,1188,1707,2895
101,2,1,0,2,24.4217319488525,71.6956024169922,21.7397575378418,855,2493,3348
102,2,1,0,2,20.6024990081787,73.9166946411133,18.4168930053711,257,1777,2034
103,2,1,0,2,16.9125003814697,81.9167022705078,16.7913379669189,209,1953,2162
104,2,1,0,1,19.1674995422363,54.0417022705078,7.41689968109131,529,2738,3267
105,2,0,1,1,18.313346862793,67.125,15.16712474823,642,2484,3126
106,2,1,1,3,17.6641540527344,88.8333053588867,22.8341369628906,121,674,795
107,2,1,1,1,18.7233467102051,47.9582977294922,20.3342323303223,1558,2186,3744
108,2,1,0,1,21.0124988555908,54.25,10.9589891433716,669,2760,3429
109,2,1,0,2,20.7391548156738,66.5832977294922,10.584056854248,409,2795,3204
110,2,1,0,1,24.3950004577637,61.4166984558105,16.2089748382568,613,3331,3944
111,2,1,0,1,18.8258476257324,40.7083015441895,21.7922859191895,745,3444,4189
112,2,1,0,2,13.8033466339111,72.9583053588867,14.7079067230225,177,1506,1683
113,2,1,1,2,18.8600006103516,88.7916946411133,15.4585752487183,1462,2574,4036
114,2,1,1,2,23.8483467102051,81.0832977294922,12.8757247924805,1710,2481,4191
115,2,1,0,1,24.8733463287354,77.6667022705078,12.4173107147217,773,3300,4073
116,2,1,0,1,25.8983478546143,72.9167022705078,21.8754997253418,678,3722,4400
117,2,1,0,2,25.4200000762939,83.5416946411133,20.9174003601074,547,3325,3872
118,2,1,0,2,25.3175010681152,70.0833053588867,21.5008373260498,569,3489,4058
119,2,1,0,1,20.9099998474121,45.7082977294922,16.0842208862305,878,3717,4595
120,2,1,1,1,19.3724994659424,50.3332977294922,15.7500247955322,1965,3347,5312
121,2,1,1,2,18.518346786499,76.2082977294922,7.12571811676025,1138,2213,3351
122,2,1,0,2,22.5158462524414,73,12.2914180755615,847,3554,4401
123,2,1,0,2,25.2833461761475,69.7082977294922,22.9586906433105,603,3848,4451
124,2,1,0,2,16.9808464050293,73.7083053588867,22.0427322387695,255,2378,2633
125,2,1,0,1,18.8258476257324,44.4166984558105,19.7912635803223,614,3819,4433
126,2,1,0,1,19.6458473205566,58.9999961853027,15.2924823760986,894,3714,4608
127,2,1,1,1,21.3199996948242,54.125,10.7501497268677,1612,3102,4714
128,2,1,1,1,21.6616535186768,63.1667022705078,5.00071287155151,1401,2932,4333
129,2,1,0,1,21.8325004577637,58.875,11.7919998168945,664,3698,4362
130,2,1,0,1,21.8325004577637,48.9167022705078,7.74995708465576,694,4109,4803
131,2,1,0,1,22.2425003051758,63.2916984558105,8.0830135345459,550,3632,4182
132,2,1,0,1,21.935001373291,74.75,12.7076892852783,695,4169,4864
133,2,1,0,2,21.0124988555908,86.3332977294922,12.0415754318237,692,3413,4105
134,2,1,1,2,21.3541526794434,92.25,9.04164981842041,902,2507,3409
135,2,1,1,2,23.0625,86.7082977294922,10.2495927810669,1582,2971,4553
136,2,1,0,1,23.6774997711182,78.7917022705078,8.50035762786865,773,3185,3958
137,2,1,0,2,23.0283489227295,83.7916946411133,18.5827178955078,678,3445,4123
138,2,1,0,2,22.5500011444092,87,13.499963760376,536,3319,3855
139,2,1,0,2,21.7641525268555,82.9582977294922,7.25027084350586,735,3840,4575
140,2,1,0,1,22.0033473968506,71.9582977294922,8.37587070465088,909,4008,4917
141,2,1,1,1,24.7025012969971,62.6667022705078,8.08355045318604,2258,3547,5805
142,2,1,1,1,24.7708473205566,74.9582977294922,9.91653633117676,1576,3084,4660
143,2,1,0,2,25.8983478546143,81,15.6674137115479,836,3438,4274
144,2,1,0,2,27.060001373291,74.0832977294922,13.8751640319824,659,3833,4492
145,2,1,0,1,27.0941524505615,69.625,10.333610534668,740,4238,4978
146,2,1,0,1,29.0416526794434,67.75,13.3760137557983,758,3919,4677
147,2,1,0,1,27.9483451843262,65.375,16.1254920959473,871,3808,4679
148,2,1,1,1,26.8891525268555,72.9583053588867,15.4161643981934,2001,2757,4758
149,2,1,1,1,27.3675003051758,81.875,14.3338460922241,2355,2433,4788
150,2,0,1,1,30.0666522979736,68.5,8.79207515716553,1549,2549,4098
151,2,1,0,1,31.7749996185303,63.6667022705078,7.4590425491333,673,3309,3982
152,2,1,0,2,31.330846786499,67.7082977294922,13.8751640319824,513,3461,3974
153,2,1,0,1,29.314998626709,30.5,19.5832290649414,736,4232,4968
154,2,1,0,1,25.4200000762939,35.4167022705078,16.9591064453125,898,4414,5312
155,2,1,1,1,26.0349998474121,45.625,8.25051403045654,1869,3473,5342
156,2,1,1,2,26.5816535949707,65.25,9.2923641204834,1685,3221,4906
157,2,1,0,1,27.811653137207,60.0000038146973,8.16703224182129,673,3875,4548
158,2,1,0,1,29.0074996948242,59.7917022705078,12.5831365585327,763,4070,4833
159,2,1,0,1,31.8091526031494,62.2083015441895,9.16673851013184,676,3725,4401
160,2,1,0,2,33.1416511535645,56.8333015441895,10.042160987854,563,3352,3915
161,2,1,0,1,30.9549999237061,60.5,9.41711807250977,815,3771,4586
162,2,1,1,1,29.7250003814697,65.4582977294922,10.3749504089355,1729,3237,4966
163,2,1,1,1,28.3924999237061,74.7917022705078,10.9589891433716,1467,2993,4460
164,2,1,0,1,26.0349998474121,49.4583015441895,20.4584503173828,863,4157,5020
165,2,1,0,1,24.7708473205566,50.7083015441895,18.0419616699219,727,4164,4891
166,2,1,0,1,25.6933479309082,47.1666984558105,11.2501049041748,769,4411,5180
167,2,1,0,2,25.7616519927979,68.8332977294922,13.8335571289062,545,3222,3767
168,2,1,0,1,26.6158466339111,73.5832977294922,9.58294296264648,863,3981,4844
169,2,1,1,1,28.563346862793,67.0417022705078,8.00033569335938,1807,3312,5119
170,2,1,1,2,28.6658477783203,66.6667022705078,6.83399963378906,1639,3105,4744
171,2,1,0,2,26.0349998474121,74.625,10.4168252944946,699,3311,4010
172,3,1,0,2,27.9141521453857,77.0416946411133,11.4586744308472,774,4061,4835
173,3,1,0,1,30.0666522979736,70.75,11.5415534973145,661,3846,4507
174,3,1,0,2,29.8616523742676,70.3333053588867,15.99986743927,746,4044,4790
175,3,1,0,1,29.6908473968506,57.3333015441895,14.875675201416,969,4022,4991
176,3,1,1,1,28.4949989318848,48.3332977294922,14.0412569046021,1782,3420,5202
177,3,1,1,1,27.8800010681152,51.3333015441895,6.33373117446899,1920,3385,5305
178,3,1,0,2,27.9825000762939,65.8332977294922,7.20839595794678,854,3854,4708
179,3,1,0,1,30.5108451843262,63.4167022705078,9.66696071624756,732,3916,4648
180,3,1,0,1,29.8616523742676,49.7916984558105,17.5420074462891,848,4377,5225
181,3,1,0,1,28.563346862793,43.4166984558105,12.415904045105,1027,4488,5515
182,3,1,0,1,29.622501373291,39.625,6.87473630905151,1246,4116,5362
183,3,1,1,1,30.2716522216797,44.4583015441895,7.70915412902832,2204,2915,5119
184,3,1,1,2,29.3833465576172,68.25,15.3334856033325,2282,2367,4649
185,3,0,1,2,29.7933464050293,63.7916984558105,5.4591064453125,3065,2978,6043
186,3,1,0,1,30.6133480072021,59.0417022705078,8.45928573608398,1031,3634,4665
187,3,1,0,1,29.5200004577637,74.3332977294922,10.042160987854,784,3845,4629
188,3,1,0,1,30.75,65.125,10.6663999557495,754,3838,4592
189,3,1,0,2,29.0758476257324,75.7917022705078,15.0836429595947,692,3348,4040
190,3,1,1,1,30.0666522979736,60.9166984558105,11.2501049041748,1988,3348,5336
191,3,1,1,1,30.6475009918213,57.8333015441895,12.2925567626953,1743,3138,4881
192,3,1,0,1,31.2624988555908,63.5833015441895,18.9165802001953,723,3363,4086
193,3,1,0,1,32.5608444213867,55.9167022705078,13.4170179367065,662,3596,4258
194,3,1,0,1,30.6133480072021,63.1667022705078,9.79091167449951,748,3594,4342
195,3,1,0,1,27.9141521453857,47.625,16.1246891021729,888,4196,5084
196,3,1,0,1,27.1966533660889,59.125,12.2498111724854,1318,4220,5538
197,3,1,1,1,28.1533489227295,58.4999961853027,13.9589138031006,2418,3505,5923
198,3,1,1,1,29.4858474731445,60.4166984558105,16.4172115325928,2006,3296,5302
199,3,1,0,1,30.6133480072021,65.125,14.4588680267334,841,3617,4458
200,3,1,0,1,31.8433475494385,65.0416946411133,8.75020027160645,752,3789,4541
201,3,1,0,1,31.5016536712646,70.7082977294922,7.62573909759521,644,3688,4332
202,3,1,0,2,33.4150009155273,69.125,14.8754072189331,632,3152,3784
203,3,1,0,1,34.7816543579102,58.0416984558105,8.91769981384277,562,2825,3387
204,3,1,1,1,34.815845489502,50,8.79180717468262,987,2298,3285
205,3,1,1,1,34.0299987792969,55.0832977294922,11.3344573974609,1050,2556,3606
206,3,1,0,1,30.4766521453857,75.7082977294922,6.08415603637695,568,3272,3840
207,3,1,0,1,31.6383476257324,54.0832977294922,13.4172859191895,750,3840,4590
208,3,1,0,1,31.7749996185303,40.2916984558105,12.2920217514038,755,3901,4656
209,3,1,0,1,31.9458465576172,58.3333015441895,11.9580926895142,606,3784,4390
210,3,1,0,1,34.371654510498,54.25,11.6672458648682,670,3176,3846
211,3,1,1,1,32.9708442687988,46.5833015441895,11.2919797897339,1559,2916,4475
212,3,1,1,1,33.0391540527344,48.0832977294922,11.0424709320068,1524,2778,4302
213,3,1,0,1,31.6383476257324,55.0832977294922,10.500039100647,729,3537,4266
214,3,1,0,1,32.1166534423828,49.125,13.7919502258301,801,4044,4845
215,3,1,0,2,29.9983463287354,65.75,9.08406066894531,467,3107,3574
216,3,1,0,2,29.1099987030029,75.75,13.2090501785278,799,3777,4576
217,3,1,0,1,29.1441535949707,63.0833015441895,12.3746318817139,1023,3843,4866
218,3,1,1,2,29.3833465576172,75.5,15.2927494049072,1521,2773,4294
219,3,1,1,1,30.4425010681152,75.2917022705078,13.4996290206909,1298,2487,3785
220,3,1,0,1,31.3649997711182,59.2082977294922,12.8757247924805,846,3480,4326
221,3,1,0,1,31.7749996185303,57.0416984558105,10.1251077651978,907,3695,4602
222,3,1,0,1,31.4333477020264,42.4167022705078,13.4172859191895,884,3896,4780
223,3,1,0,1,29.4174995422363,42.375,11.0413312911987,812,3980,4792
224,3,1,0,1,29.0416526794434,41.5,8.41660785675049,1051,3854,4905
225,3,1,1,2,28.1191520690918,72.9583053588867,14.1674184799194,1504,2646,4150
226,3,1,1,2,27.7433452606201,81.75,14.9164113998413,1338,2482,3820
227,3,1,0,1,27.2991523742676,71.2082977294922,13.9999179840088,775,3563,4338
228,3,1,0,1,28.7341537475586,57.8333015441895,15.8340435028076,721,4004,4725
229,3,1,0,1,29.6566524505615,57.5416984558105,9.62568855285645,668,4026,4694
230,3,1,0,1,29.1783466339111,65.4582977294922,15.6249361038208,639,3166,3805
231,3,1,0,2,28.0850009918213,72.2917022705078,9.33363628387451,797,3356,4153
232,3,1,1,1,28.5974998474121,67.4166946411133,6.99928903579712,1914,3277,5191
233,3,1,1,1,29.1441535949707,77,16.6665172576904,1249,2624,3873
234,3,1,0,1,28.3583469390869,47,18.5422496795654,833,3925,4758
235,3,1,0,1,26.2741546630859,45.5417022705078,9.83312034606934,1281,4614,5895
236,3,1,0,1,27.606653213501,60.5,16.9582347869873,949,4181,5130
237,3,1,0,2,28.0508480072021,77.1667022705078,14.1258106231689,435,3107,3542
238,3,1,0,1,28.6999988555908,76.125,5.62548732757568,768,3893,4661
239,3,1,1,2,27.8800010681152,85,25.1663379669189,226,889,1115
240,3,1,1,1,28.9894199371338,56.1765022277832,20.4121532440186,1415,2919,4334
241,3,1,0,1,26.1033477783203,55.4583015441895,10.7082748413086,729,3905,4634
242,3,1,0,1,26.205846786499,54.8332977294922,8.37553596496582,775,4429,5204
243,3,1,0,1,26.9233474731445,59.7917022705078,5.58333110809326,688,4370,5058
244,3,1,0,1,26.8549995422363,63.9167022705078,9.50033187866211,783,4332,5115
245,3,1,0,2,26.3766536712646,72.7083053588867,9.37524318695068,875,3852,4727
246,3,1,1,1,27.4358463287354,71.6667022705078,12.4167747497559,1935,2549,4484
247,3,1,1,1,29.0758476257324,74.2082977294922,13.8332891464233,2521,2419,4940
248,3,0,1,2,27.606653213501,79.0417022705078,14.2506322860718,1236,2115,3351
249,3,1,0,3,22.1400012969971,88.6957015991211,23.0441818237305,204,2506,2710
250,3,1,0,3,24.5658473968506,91.7083053588867,6.50039339065552,118,1878,1996
251,3,1,0,3,25.9904327392578,93.9564971923828,12.9141159057617,153,1689,1842
252,3,1,0,2,26.6499996185303,89.7916946411133,8.33339309692383,417,3127,3544
253,3,1,1,1,27.060001373291,75.375,10.2917356491089,1750,3595,5345
254,3,1,1,1,26.7866535186768,71.375,7.70861768722534,1633,3413,5046
255,3,1,0,1,26.4182682037354,69.217399597168,5.95717096328735,690,4023,4713
256,3,1,0,1,26.6841526031494,71.25,9.50086784362793,701,4062,4763
257,3,1,0,1,27.606653213501,69.7082977294922,11.2090997695923,647,4138,4785
258,3,1,0,2,23.6774997711182,70.9167022705078,18.1667823791504,428,3231,3659
259,3,1,0,2,19.2358474731445,59.0417022705078,11.0002613067627,742,4018,4760
260,3,1,1,2,20.1583461761475,71.8332977294922,12.7082252502441,1434,3077,4511
261,3,1,1,1,20.8074989318848,69.5,11.9583606719971,1353,2921,4274
262,3,1,0,2,22.5158462524414,69,10.1667137145996,691,3848,4539
263,3,1,0,2,23.0283489227295,88.125,9.04191875457764,438,3203,3641
264,3,1,0,2,24.3950004577637,90,6.45908164978027,539,3813,4352
265,3,1,0,2,25.7616519927979,90.2082977294922,8.58437442779541,555,4240,4795
266,4,1,0,2,24.9758453369141,97.25,5.25056886672974,258,2137,2395
267,4,1,1,2,24.8733463287354,86.25,5.25168085098267,1776,3647,5423
268,4,1,1,2,26.000846862793,84.5,3.37540650367737,1544,3466,5010
269,4,1,0,2,26.6158466339111,84.8332977294922,7.41689968109131,684,3946,4630
270,4,1,0,2,26.1033477783203,88.5417022705078,7.91745710372925,477,3643,4120
271,4,1,0,2,26.0349998474121,84.875,9.95814228057861,480,3427,3907
272,4,1,0,1,25.2833461761475,69.9167022705078,11.5831613540649,653,4186,4839
273,4,1,0,1,23.1308479309082,64.75,13.8338251113892,830,4372,5202
274,4,1,1,2,16.8099994659424,75.375,19.5838317871094,480,1949,2429
275,4,1,1,2,14.6233472824097,79.1667022705078,14.874870300293,616,2302,2918
276,4,1,0,2,15.750846862793,76.0833053588867,5.58416843414307,330,3240,3570
277,4,1,0,1,19.8508472442627,71,13.792218208313,486,3970,4456
278,4,1,0,1,22.0716533660889,64.7916946411133,11.8757495880127,559,4267,4826
279,4,1,0,1,20.2608470916748,62.0832977294922,9.04191875457764,639,4126,4765
280,4,1,0,1,20.9441547393799,68.4167022705078,1.50024390220642,949,4036,4985
281,4,1,1,1,21.3883476257324,70.125,3.04208135604858,2235,3174,5409
282,4,1,1,1,22.1741523742676,72.75,4.25115013122559,2397,3114,5511
283,4,0,1,1,23.4041538238525,73.375,2.8343813419342,1514,3603,5117
284,4,1,0,2,23.2333469390869,80.875,9.58381366729736,667,3896,4563
285,4,1,0,3,22.2766532897949,90.625,16.6260509490967,217,2199,2416
286,4,1,0,2,24.1558475494385,89.6667022705078,9.49972820281982,290,2623,2913
287,4,1,0,2,22.5841522216797,71.625,15.0001611709595,529,3115,3644
288,4,1,1,1,20.7733478546143,48.3332977294922,17.2915592193604,1899,3318,5217
289,4,1,1,1,20.9783477783203,48.6667022705078,18.8750400543213,1748,3293,5041
290,4,1,0,1,21.9008464813232,57.9582977294922,11.7503929138184,713,3857,4570
291,4,1,0,2,21.8325004577637,70.1667022705078,7.37582921981812,637,4111,4748
292,4,1,0,3,22.2112979888916,89.5216979980469,16.3037128448486,254,2170,2424
293,4,1,0,1,19.5091533660889,63.625,28.2924251556396,471,3724,4195
294,4,1,0,1,17.5275001525879,57.4167022705078,14.833532333374,676,3628,4304
295,4,1,1,1,17.3225002288818,62.9167022705078,6.20866870880127,1499,2809,4308
296,4,1,1,1,17.2883472442627,74.125,6.6673378944397,1619,2762,4381
297,4,1,0,1,18.9966526031494,77.2082977294922,7.95906400680542,699,3488,4187
298,4,1,0,1,19.3383464813232,62.2916984558105,11.1660861968994,695,3992,4687
299,4,1,0,2,19.8508472442627,72.0417022705078,9.95901393890381,404,3490,3894
300,4,1,0,2,19.2700004577637,81.2917022705078,13.2501211166382,240,2419,2659
301,4,1,0,2,13.5641527175903,58.5833015441895,15.375093460083,456,3291,3747
302,4,1,1,3,10.4208469390869,88.25,23.5418567657471,57,570,627
303,4,1,1,1,13.0858469009399,62.3749961853027,11.8333387374878,885,2446,3331
304,4,1,0,1,13.9400005340576,70.3333053588867,7.12544965744019,362,3307,3669
305,4,1,0,1,16.4341526031494,68.375,9.0832576751709,410,3658,4068
306,4,1,0,1,15.477499961853,71.875,5.50014352798462,370,3816,4186
307,4,1,0,1,16.7416534423828,70.2082977294922,9.16673851013184,318,3656,3974
308,4,1,0,2,16.5366535186768,62.25,18.209192276001,470,3576,4046
309,4,1,1,1,13.3933477401733,51.9167022705078,12.6671543121338,1156,2770,3926
310,4,1,1,1,14.2816534042358,73.4583053588867,6.16763162612915,952,2697,3649
311,4,1,0,1,16.1949996948242,75.875,3.83407497406006,373,3662,4035
312,4,1,0,1,16.7416534423828,72.1667022705078,4.62551212310791,376,3829,4205
313,4,1,0,1,16.3999996185303,75.8333053588867,4.16711854934692,305,3804,4109
314,4,1,0,2,15.5799999237061,81.3332977294922,12.6674890518188,190,2743,2933
315,4,0,1,1,13.2908477783203,44.625,21.0832252502441,440,2928,3368
316,4,1,1,1,14.6233472824097,55.2917022705078,14.2081537246704,1275,2792,4067
317,4,1,1,1,18.0741539001465,45.8332977294922,18.8753070831299,1004,2713,3717
318,4,1,0,1,21.7299995422363,58.7082977294922,20.5419330596924,595,3891,4486
319,4,1,0,2,21.7299995422363,68.875,13.3754110336304,449,3746,4195
320,4,1,0,3,18.7233467102051,93,9.16754341125488,145,1672,1817
321,4,1,0,2,14.0083465576172,57.5833015441895,20.4592533111572,139,2914,3053
322,4,1,0,1,11.2408466339111,41,11.2917108535767,245,3147,3392
323,4,1,1,1,13.4958477020264,50.2083015441895,15.0412321090698,943,2720,3663
324,4,1,1,2,18.9966526031494,68.4582977294922,12.4586496353149,787,2733,3520
325,4,1,0,3,18.3474998474121,91,9.24961757659912,220,2545,2765
326,4,1,0,3,17.0833473205566,96.25,7.95906400680542,69,1538,1607
327,4,1,0,2,18.0741539001465,75.7917022705078,22.5002746582031,112,2454,2566
328,4,0,1,1,15.3066530227661,54.9166984558105,11.2093677520752,560,935,1495
329,4,1,0,1,15.375,64.375,6.62601900100708,1095,1697,2792
330,4,1,1,1,15.4091529846191,68.1666946411133,4.58419322967529,1249,1819,3068
331,4,1,1,1,18.8258476257324,69.8333053588867,13.9999179840088,810,2261,3071
332,4,1,0,1,20.6425971984863,74.3042984008789,9.52217388153076,253,3614,3867
333,4,1,0,2,18.7916526794434,83.0833053588867,17.292163848877,96,2818,2914
334,4,1,0,1,13.3249998092651,61.3332977294922,18.1675872802734,188,3425,3613
335,4,1,0,1,12.8125,52.4582977294922,14.7505855560303,182,3545,3727
336,4,1,0,1,12.8808469772339,62.5832977294922,6.75051784515381,268,3672,3940
337,4,1,1,1,12.2658472061157,61.2917022705078,6.41748094558716,706,2908,3614
338,4,1,1,1,13.5641527175903,77.5832977294922,5.62520599365234,634,2851,3485
339,4,1,0,2,15.8191528320312,82.7082977294922,4.16795587539673,233,3578,3811
340,4,1,0,3,18.9624996185303,94.9582977294922,15.5830612182617,126,2468,2594
341,4,1,0,3,16.8099994659424,97.0417022705078,17.8337249755859,50,655,705
342,4,1,0,1,10.8991527557373,58,16.0838871002197,150,3172,3322
343,4,1,0,1,11.9241523742676,69.5833053588867,5.54201889038086,261,3359,3620
344,4,1,1,1,11.2750005722046,50.75,15.6258068084717,502,2688,3190
345,4,1,1,1,9.05415344238281,49,4.45829391479492,377,2366,2743
346,4,1,0,1,9.771653175354,67.0832977294922,4.25115013122559,143,3167,3310
347,4,1,0,1,11.5824995040894,58.9999961853027,9.41685009002686,155,3368,3523
348,4,1,0,2,13.0174999237061,66.375,4.08420610427856,178,3562,3740
349,4,1,0,2,17.3225002288818,63.4167022705078,17.9588146209717,181,3528,3709
350,4,1,0,2,15.375,50.0416984558105,17.4585247039795,178,3399,3577
351,4,1,1,2,10.5916528701782,56.0832977294922,16.2921886444092,275,2464,2739
352,4,1,1,1,9.771653175354,58.625,11.3751935958862,220,2211,2431
353,4,1,0,1,11.3433465957642,63.75,11.5840320587158,260,3143,3403
354,4,1,0,2,15.8191528320312,59.5417022705078,4.12524366378784,216,3534,3750
355,1,1,0,2,17.561653137207,85.8332977294922,14.8337993621826,107,2553,2660
356,1,1,0,2,17.356653213501,75.75,3.16742491722107,227,2841,3068
357,1,1,0,1,15.3066530227661,68.625,18.3744831085205,163,2046,2209
358,1,1,1,1,12.4025001525879,54.25,12.7503681182861,155,856,1011
359,1,1,1,1,11.2661027908325,68.1304016113281,10.3910970687866,303,451,754
360,1,0,1,1,13.1912984848022,50.6956977844238,16.0441551208496,430,887,1317
361,1,1,0,2,13.3249998092651,76.25,12.6261491775513,103,1059,1162
362,1,1,0,1,12.2643299102783,50.391300201416,19.6953868865967,255,2047,2302
363,1,1,0,1,10.1816530227661,57.4167022705078,8.00060367584229,254,2169,2423
364,1,1,0,1,12.7783470153809,63.6667022705078,9.00057888031006,491,2508,2999
365,1,1,1,1,16.8099994659424,61.5832977294922,14.7503185272217,665,1820,2485
366,1,1,1,1,15.1700000762939,69.25,12.8751888275146,686,1608,2294
367,1,0,1,1,11.1947631835938,38.1303977966309,22.0875549316406,244,1707,1951
368,1,1,0,1,6.15000009536743,44.125,24.4999580383301,89,2147,2236
369,1,1,0,2,4.40750026702881,41.4583015441895,12.3748998641968,95,2273,2368
370,1,1,0,1,10.8991527557373,52.4166984558105,8.70912933349609,140,3132,3272
371,1,1,0,1,13.7008476257324,54.2083015441895,11.2498359680176,307,3791,4098
372,1,1,1,1,16.126651763916,53.1666984558105,11.7087860107422,1070,3451,4521
373,1,1,1,1,13.8375005722046,46.5,12.8333139419556,599,2826,3425
374,1,1,0,2,9.19084739685059,70.1667022705078,6.62629985809326,106,2270,2376
375,1,1,0,1,12.6565361022949,64.6521987915039,12.5659847259521,173,3425,3598
376,1,1,0,2,11.2408466339111,84.75,8.79180717468262,92,2085,2177
377,1,1,0,2,15.6824998855591,80.2917022705078,12.1247892379761,269,3828,4097
378,1,1,0,1,11.2408466339111,50.75,25.3332347869873,174,3040,3214
379,1,1,1,1,7.38000011444092,45.75,12.5412607192993,333,2160,2493
380,1,1,1,1,6.83334684371948,41.9167022705078,16.834285736084,284,2027,2311
381,1,0,1,1,7.78999996185303,52.2499961853027,15.5009860992432,217,2081,2298
382,1,1,0,2,15.2947626113892,71.6086959838867,23.3917102813721,127,2808,2935
383,1,1,0,1,12.436653137207,44.3333015441895,27.8337421417236,109,3267,3376
384,1,1,0,1,7.78999996185303,49.75,14.7505855560303,130,3162,3292
385,1,1,0,2,8.91750049591064,45,13.58424949646,115,3048,3163
386,1,1,1,2,7.10665321350098,83.125,14.9170141220093,67,1234,1301
387,1,1,1,2,6.66249990463257,79.625,13.3757457733154,196,1781,1977
388,1,1,0,2,8.95165348052979,91.125,7.41743564605713,145,2287,2432
389,1,1,0,1,14.0425004959106,83.5832977294922,8.29238891601562,439,3900,4339
390,1,1,0,1,12.0608472824097,64.375,10.7917575836182,467,3803,4270
391,1,1,0,2,14.0083465576172,76.9582977294922,4.91751861572266,244,3831,4075
392,1,1,0,2,17.4250011444092,74.125,22.9586906433105,269,3187,3456
393,1,1,1,1,12.9491529464722,54.3332977294922,14.1255435943604,775,3248,4023
394,1,1,1,1,11.5824995040894,31.125,16.0833511352539,558,2685,3243
395,1,1,0,1,11.0358476638794,40.0833015441895,14.4580640792847,126,3498,3624
396,1,1,0,1,15.9899997711182,41.6667022705078,17.5417404174805,324,4185,4509
397,1,1,0,1,19.2358474731445,50.7916984558105,12.6674890518188,304,4275,4579
398,1,1,0,2,16.3658466339111,67.2917022705078,12.5415287017822,190,3571,3761
399,1,1,0,1,12.8466529846191,52.6666984558105,11.9592323303223,310,3841,4151
400,1,1,1,2,10.8308477401733,77.9582977294922,8.16703224182129,384,2448,2832
401,1,1,1,2,10.8991527557373,68.7917022705078,11.7917327880859,318,2629,2947
402,1,1,0,1,11.586968421936,62.2174034118652,10.3045997619629,206,3578,3784
403,1,1,0,1,14.5208473205566,49.625,9.87439250946045,199,4176,4375
404,1,1,0,2,10.5233469009399,72.2917022705078,8.95930671691895,109,2693,2802
405,1,1,0,1,10.8649997711182,56.2083015441895,13.0004796981812,163,3667,3830
406,1,1,0,2,11.5141534805298,54.0000038146973,7.8342432975769,227,3604,3831
407,1,1,1,3,9.19084739685059,73.125,19.416332244873,192,1977,2169
408,1,1,1,1,5.22749996185303,46.4583015441895,27.4172039031982,73,1456,1529
409,1,1,0,1,9.12249946594238,41.125,11.2079610824585,94,3328,3422
410,1,1,0,2,13.0858469009399,50.8750038146973,9.45899295806885,135,3787,3922
411,1,1,0,1,14.2816534042358,53.125,12.167200088501,141,4028,4169
412,1,1,0,2,12.9833469390869,75.2917022705078,6.12547492980957,74,2931,3005
413,1,1,0,1,14.0766534805298,63.4582977294922,13.7916822433472,349,3805,4154
414,1,1,1,1,14.2133464813232,53.4582977294922,12.7922430038452,1435,2883,4318
415,1,1,1,2,11.4800004959106,51.5833015441895,16.9585037231445,618,2071,2689
416,1,0,1,1,11.4800004959106,50.7825965881348,15.3485612869263,502,2627,3129
417,1,1,0,1,11.8008661270142,59.4348030090332,13.7830390930176,163,3614,3777
418,1,1,0,1,16.2291526794434,56.7916984558105,15.7095565795898,394,4379,4773
419,1,1,0,1,18.6208477020264,55.4583015441895,12.7911710739136,516,4546,5062
420,1,1,0,2,16.7075004577637,73.75,15.9169883728027,246,3241,3487
421,1,1,1,1,11.9241523742676,39.5832977294922,28.2500152587891,317,2415,2732
422,1,1,1,1,11.4458465576172,41,13.7503433227539,515,2874,3389
423,1,1,0,1,15.0333471298218,49.0833015441895,17.9582099914551,253,4069,4322
424,1,1,0,1,14.7258472442627,39.5832977294922,12.9589385986328,229,4134,4363
425,1,1,0,2,14.1182689666748,80.4783020019531,12.0008382797241,65,1769,1834
426,1,1,0,1,19.919153213501,61.5417022705078,15.2081289291382,325,4665,4990
427,1,1,0,2,14.4866523742676,65.7082977294922,9.70856857299805,246,2948,3194
428,1,1,1,2,16.9808464050293,62.1249961853027,10.792293548584,956,3110,4066
429,1,1,1,1,13.3591527938843,40.3333015441895,22.4162578582764,710,2713,3423
430,1,1,0,1,9.97665309906006,50.6250038146973,15.3334856033325,203,3130,3333
431,1,1,0,1,10.5916528701782,45.6667022705078,13.4586248397827,221,3735,3956
432,1,1,0,1,16.5708465576172,51.3333015441895,23.1671924591064,432,4484,4916
433,1,1,0,1,21.627498626709,56.75,29.5847225189209,486,4896,5382
434,1,1,0,2,16.8441524505615,40.7083015441895,27.7915992736816,447,4122,4569
435,1,1,1,1,11.7874994277954,35.0416984558105,15.1252498626709,968,3150,4118
436,1,1,1,1,14.8312997817993,47.6956977844238,14.9133291244507,1658,3253,4911
437,1,1,0,1,19.1333465576172,48.9167022705078,13.9167709350586,838,4460,5298
438,1,1,0,1,23.1649990081787,61.75,15.8756494522095,762,5085,5847
439,1,1,0,1,23.4724998474121,50.7083015441895,7.70915412902832,997,5315,6312
440,1,1,0,1,22.8575000762939,57.9582977294922,10.042160987854,1005,5187,6192
441,1,1,0,2,17.8691539764404,84.2082977294922,7.58386373519897,548,3830,4378
442,1,1,1,2,21.080846786499,75.5833053588867,7.41716766357422,3155,4681,7836
443,1,1,1,2,19.3724994659424,81,8.50116062164307,2207,3685,5892
444,1,1,0,1,22.3450012207031,72.875,10.8752384185791,982,5171,6153
445,1,1,0,1,22.9941520690918,80.7917022705078,8.12515735626221,1051,5042,6093
446,2,1,0,2,21.7983474731445,82.125,6.00040626525879,1122,5108,6230
447,2,1,0,1,22.7208461761475,83.125,7.87665414810181,1334,5537,6871
448,2,1,0,2,24.6683464050293,69.4167022705078,7.79209995269775,2469,5893,8362
449,2,1,1,2,20.6024990081787,88.5417022705078,12.9164609909058,1033,2339,3372
450,2,1,1,2,17.9375,88.0833053588867,14.7919244766235,1532,3464,4996
451,2,1,0,1,18.2791538238525,47.7916984558105,25.9170074462891,795,4763,5558
452,2,1,0,1,13.2566528320312,29,12.5418634414673,531,4571,5102
453,2,1,0,1,19.8508472442627,48.125,19.5419578552246,674,5024,5698
454,2,1,0,1,20.2608470916748,43.9166984558105,21.4165496826172,834,5299,6133
455,2,1,0,2,15.1700000762939,58.0833015441895,9.25048923492432,796,4663,5459
456,2,1,1,2,17.39084815979,73.8332977294922,16.7913379669189,2301,3934,6235
457,2,1,1,2,17.4591522216797,67.625,11.5418891906738,2347,3694,6041
458,2,1,0,1,17.7904319763184,50.4347991943359,20.9133129119873,1208,4728,5936
459,2,1,0,1,19.1333465576172,39.6667022705078,6.70891094207764,1348,5424,6772
460,2,1,0,1,22.2083473205566,46.9583015441895,12.1253252029419,1058,5378,6436
461,2,1,0,1,17.8350009918213,37.4166984558105,14.7084436416626,1192,5265,6457
462,2,1,0,1,16.5366535186768,37.7083015441895,20.1259956359863,1807,4653,6460
463,2,1,1,1,17.9375,25.4166984558105,18.4163570404053,3252,3605,6857
464,2,1,1,1,20.5,27.5833015441895,15.5839319229126,2230,2939,5169
465,2,1,0,1,20.0558471679688,31.75,23.9991321563721,905,4680,5585
466,2,1,0,1,18.313346862793,43.5,16.7081241607666,819,5099,5918
467,2,1,0,1,14.2965354919434,46.9565010070801,19.7833576202393,482,4380,4862
468,2,1,0,1,16.2975006103516,46.625,19.4587421417236,663,4746,5409
469,2,1,0,1,18.1424999237061,40.8333015441895,10.4165563583374,1252,5146,6398
470,2,1,1,1,20.2950000762939,50.2916984558105,12.7914390563965,2795,4665,7460
471,2,1,1,1,24.8733463287354,50.7916984558105,15.0836429595947,2846,4286,7132
472,2,0,1,1,27.2308464050293,56.1667022705078,19.0835418701172,1198,5172,6370
473,2,1,0,1,24.9416522979736,39.0417022705078,18.3331432342529,989,5702,6691
474,2,1,0,2,18.9966526031494,56.9167022705078,11.2501049041748,347,4020,4367
475,2,1,0,1,20.4316539764404,61.25,4.41725635528564,846,5719,6565
476,2,1,0,1,21.5933475494385,69.4582977294922,10.0413570404053,1340,5950,7290
477,2,1,1,1,23.3699989318848,68.2917022705078,19.0003299713135,2541,4083,6624
478,2,1,1,3,16.2633476257324,83.5416946411133,23.0845813751221,120,907,1027
479,2,1,0,2,13.188346862793,76.6667022705078,20.3342323303223,195,3019,3214
480,2,1,0,1,16.9466533660889,45.4167022705078,16.7086620330811,518,5115,5633
481,2,1,0,1,19.5433464050293,42.7917022705078,7.95906400680542,655,5541,6196
482,2,1,0,2,20.4316539764404,75.6667022705078,11.8338747024536,475,4551,5026
483,2,1,0,1,18.7574996948242,40.0833015441895,23.291410446167,1014,5219,6233
484,2,1,1,2,15.4433469772339,48.9582977294922,8.70832538604736,1120,3100,4220
485,2,1,1,1,18.7916526794434,58.7082977294922,7.83283615112305,2229,4075,6304
486,2,1,0,2,19.0308475494385,57,11.4997453689575,665,4907,5572
487,2,1,0,2,25.1466522216797,65.9582977294922,10.4584321975708,653,5087,5740
488,2,1,0,1,23.1308479309082,79.7083053588867,9.24988651275635,667,5502,6169
489,2,1,0,2,22.9600009918213,76.8333053588867,8.95763206481934,764,5657,6421
490,2,1,0,1,25.7274990081787,73.5417022705078,10.9168462753296,1069,5227,6296
491,2,1,1,2,25.4883480072021,75.6667022705078,10.2504634857178,2496,4387,6883
492,2,1,1,2,23.0625,74,10.0418930053711,2135,4224,6359
493,2,1,0,2,22.0375003814697,66.4167022705078,15.4583072662354,1008,5265,6273
494,2,1,0,2,23.8483467102051,68.5832977294922,19.8339424133301,738,4990,5728
495,2,1,0,2,23.5749988555908,74.4166946411133,14.4996032714844,620,4097,4717
496,2,1,0,1,20.7391548156738,55.2083015441895,21.0422210693359,1026,5546,6572
497,2,1,0,1,21.8666534423828,36.0417022705078,15.8747787475586,1319,5711,7030
498,2,1,1,1,23.1308479309082,48.0417022705078,8.24991130828857,2622,4807,7429
499,2,1,1,1,25.1125011444092,57.625,15.082839012146,2172,3946,6118
500,2,1,0,2,23.5066547393799,78.9583053588867,14.2503643035889,342,2501,2843
501,2,1,0,2,25.0783462524414,79.4583053588867,9.87526416778564,625,4490,5115
502,2,1,0,1,26.1033477783203,69.7917022705078,8.20830345153809,991,6433,7424
503,2,1,0,1,24.3266525268555,52,15.3748254776001,1242,6142,7384
504,2,1,0,1,23.1308479309082,52.3333015441895,9.16673851013184,1521,6118,7639
505,2,1,1,1,24.6000003814697,45.625,5.62632513046265,3410,4884,8294
506,2,1,1,1,25.4541530609131,53.0417022705078,17.0425891876221,2704,4425,7129
507,2,1,0,2,24.5316524505615,81.125,15.6246681213379,630,3729,4359
508,2,1,0,2,25.2150001525879,76.5833053588867,7.91718864440918,819,5254,6073
509,2,1,0,2,25.4883480072021,77.4582977294922,6.83399963378906,766,4494,5260
510,2,1,0,1,26.8549995422363,71.6667022705078,11.5840320587158,1059,5711,6770
511,2,1,0,1,27.8800010681152,74.7082977294922,9.41685009002686,1417,5317,6734
512,2,1,1,1,28.3924999237061,73.25,13.3324642181396,2855,3681,6536
513,2,1,1,1,28.2899990081787,69.7082977294922,14.4164562225342,3283,3308,6591
514,2,0,1,1,29.2124996185303,67.625,13.1669073104858,2557,3486,6043
515,2,1,0,1,29.622501373291,68.4582977294922,19.7917995452881,880,4863,5743
516,2,1,0,2,26.9233474731445,67,9.00004386901855,745,6110,6855
517,2,1,0,1,27.8800010681152,49.2916984558105,13.0836935043335,1100,6238,7338
518,2,1,0,2,26.8208465576172,75.5417022705078,15.9167213439941,533,3594,4127
519,2,1,1,1,23.9166526794434,54.9166984558105,12.4996538162231,2795,5325,8120
520,2,1,1,1,24.7025012969971,49.3333015441895,12.3338289260864,2494,5147,7641
521,2,1,0,1,24.497501373291,48.7082977294922,19.083812713623,1071,5927,6998
522,2,1,0,2,22.1741523742676,61.3332977294922,14.041524887085,968,6033,7001
523,2,1,0,1,22.7208461761475,61.125,5.16737508773804,1027,6028,7055
524,2,1,0,1,24.7025012969971,56.7083015441895,10.5424499511719,1038,6456,7494
525,2,1,0,1,26.6158466339111,46.7916984558105,11.7506608963013,1488,6248,7736
526,2,1,1,1,29.1441535949707,43.7083015441895,9.66722965240479,2708,4790,7498
527,2,1,1,1,29.7933464050293,53.8333015441895,8.95930671691895,2224,4374,6598
528,2,1,0,2,29.5541534423828,58.7916984558105,13.9167709350586,1017,5647,6664
529,2,1,0,2,26.7866535186768,83.3332977294922,14.3745813369751,477,4495,4972
530,2,1,0,1,26.8891525268555,58.2082977294922,22.9996929168701,1173,6248,7421
531,2,1,0,1,26.5816535949707,56.9583015441895,17.0001125335693,1180,6183,7363
532,2,1,0,1,26.205846786499,58.9582977294922,11.8333387374878,1563,6102,7665
533,2,1,1,1,25.8983478546143,50.4167022705078,11.1666889190674,2963,4739,7702
534,2,1,1,1,24.2924995422363,59.875,9.70856857299805,2634,4344,6978
535,2,1,0,2,23.3016548156738,77.7917022705078,11.7079820632935,653,4446,5099
536,2,1,0,1,28.2216510772705,69,9.91713905334473,968,5857,6825
537,2,1,0,1,32.0825004577637,59.2082977294922,7.625403881073,872,5339,6211
538,3,1,0,1,33.0391540527344,56.7916984558105,7.9587287902832,778,5127,5905
539,3,1,0,1,31.877498626709,57.375,12.2504138946533,964,4859,5823
540,3,1,1,1,29.9983463287354,53.4582977294922,12.0413064956665,2657,4801,7458
541,3,1,1,1,30.4766521453857,47.9167022705078,9.7501745223999,2551,4340,6891
542,3,1,0,1,29.3491535186768,50.4167022705078,20.1256618499756,1139,5640,6779
543,3,1,0,1,25.8641548156738,37.3333015441895,23.2920150756836,1077,6365,7442
544,3,1,0,1,28.5974998474121,36,18.2089252471924,1077,6258,7335
545,3,1,0,1,30.7158489227295,42.25,11.5005502700806,921,5958,6879
546,3,1,0,1,34.2008476257324,48.875,11.0829391479492,829,4634,5463
547,3,1,1,1,31.3649997711182,60.125,10.7917575836182,1455,4232,5687
548,3,1,1,1,33.4491500854492,51.875,11.2914428710938,1421,4110,5531
549,3,1,0,1,32.0483474731445,44.7082977294922,13.0828895568848,904,5323,6227
550,3,1,0,1,32.0141525268555,49.2083015441895,8.45787906646729,1052,5608,6660
551,3,0,1,1,32.3558464050293,53.875,9.04164981842041,2562,4841,7403
552,3,1,0,1,33.9274978637695,45.7917022705078,12.999942779541,1405,4836,6241
553,3,1,0,1,33.9616546630859,45.0832977294922,9.79151439666748,1366,4841,6207
554,3,1,1,1,35.3283462524414,49.2083015441895,10.9581174850464,1448,3392,4840
555,3,1,1,1,33.7224998474121,57.375,8.41714286804199,1203,3469,4672
556,3,1,0,2,29.1441535949707,68.3332977294922,12.1253252029419,998,5571,6569
557,3,1,0,2,29.5541534423828,66.75,10.1663789749146,954,5336,6290
558,3,1,0,1,29.3833465576172,63.3333015441895,10.1661109924316,975,6289,7264
559,3,1,0,1,29.3491535186768,52.9582977294922,9.83392524719238,1032,6414,7446
560,3,1,0,2,29.9983463287354,48.5832977294922,5.41694974899292,1511,5988,7499
561,3,1,1,2,28.8366546630859,69.9167022705078,9.62649250030518,2355,4614,6969
562,3,1,1,1,30.5791530609131,71.7917022705078,11.1666889190674,1920,4111,6031
563,3,1,0,1,31.2966537475586,64.5,11.0005292892456,1088,5742,6830
564,3,1,0,1,33.5516548156738,50.5833015441895,7.66674280166626,921,5865,6786
565,3,1,0,1,32.5266532897949,57.7082977294922,9.20861339569092,799,4914,5713
566,3,1,0,1,31.5699996948242,60.0417022705078,11.0837430953979,888,5703,6591
567,3,1,0,2,27.2991523742676,84.4167022705078,14.0007886886597,747,5123,5870
568,3,1,1,3,24.4291534423828,86.5417022705078,14.2911005020142,1264,3195,4459
569,3,1,1,2,27.3675003051758,76.25,6.29269361495972,2544,4866,7410
570,3,1,0,1,30.4083461761475,69.4167022705078,9.29176139831543,1135,5831,6966
571,3,1,0,1,30.7841510772705,65.5,14.1674184799194,1140,6452,7592
572,3,1,0,1,29.6908473968506,45,11.041600227356,1383,6790,8173
573,3,1,0,1,31.8433475494385,59.6666984558105,19.0824699401855,1036,5825,6861
574,3,1,0,1,32.0483474731445,59.4582977294922,10.2504634857178,1259,5645,6904
575,3,1,1,1,30.9891548156738,61.3332977294922,10.5424499511719,2234,4451,6685
576,3,1,1,1,29.5883464813232,62.3749961853027,11.4165315628052,2153,4444,6597
577,3,1,0,1,29.9641532897949,66.875,10.2923383712769,1040,6065,7105
578,3,1,0,1,29.2466526031494,70.4167022705078,11.083475112915,968,6248,7216
579,3,1,0,1,29.4174995422363,67.75,9.45899295806885,1074,6506,7580
580,3,1,0,1,30.8524990081787,65.9582977294922,8.66671752929688,983,6278,7261
581,3,1,0,2,31.3991546630859,64.25,14.4580640792847,1328,5847,7175
582,3,1,1,1,32.5266532897949,61.3332977294922,17.2496852874756,2345,4479,6824
583,3,1,1,1,31.5358467102051,65.25,19.4582080841064,1707,3757,5464
584,3,1,0,2,30.8524990081787,65.4167022705078,8.66671752929688,1233,5780,7013
585,3,1,0,2,30.169153213501,70.375,7.83283615112305,1278,5995,7273
586,3,1,0,2,30.75,67.2917022705078,7.41689968109131,1263,6271,7534
587,3,1,0,1,30.9891548156738,62.0416984558105,10.4587001800537,1196,6090,7286
588,3,1,0,2,29.3491535186768,71.5832977294922,16.0004711151123,1065,4721,5786
589,3,1,1,2,28.3924999237061,73.2917022705078,13.8340930938721,2247,4052,6299
590,3,1,1,1,28.7341537475586,53.0417022705078,8.20830345153809,2182,4362,6544
591,3,1,0,1,29.5541534423828,54.5417022705078,9.12620449066162,1207,5676,6883
592,3,1,0,1,29.7933464050293,68.6667022705078,11.3335857391357,1128,5656,6784
593,3,1,0,1,28.9733467102051,61.9583015441895,11.3746566772461,1198,6149,7347
594,3,1,0,1,29.4858474731445,51.9167022705078,9.50033187866211,1338,6267,7605
595,3,1,0,1,29.6566524505615,57.0833015441895,15.5007181167603,1483,5665,7148
596,3,1,1,1,27.811653137207,60.3332977294922,11.917088508606,2827,5038,7865
597,3,1,1,2,26.0691547393799,71.1667022705078,5.79215002059937,1208,3341,4549
598,3,1,0,2,26.0691547393799,73.4166946411133,8.70859336853027,1026,5504,6530
599,3,1,0,1,26.6158466339111,67.375,4.87564325332642,1081,5925,7006
600,3,1,0,1,27.3675003051758,67.7082977294922,4.70898103713989,1094,6281,7375
601,3,1,0,1,28.5291538238525,63.5833015441895,5.66791868209839,1363,6402,7765
602,3,1,0,2,28.8024997711182,61.5,4.83376836776733,1325,6257,7582
603,3,1,1,2,27.1283473968506,71.2916946411133,16.3753356933594,1829,4224,6053
604,3,1,1,2,26.7866535186768,84.5832977294922,15.3334856033325,1483,3772,5255
605,3,1,0,1,28.8366546630859,73.0417022705078,8.6251106262207,989,5928,6917
606,3,1,0,1,29.8616523742676,62,12.7919750213623,935,6105,7040
607,3,1,0,1,28.0850009918213,55.2083015441895,7.54165410995483,1177,6520,7697
608,3,1,0,1,28.9733467102051,59.0417022705078,5.16681861877441,1172,6541,7713
609,3,1,0,1,31.330846786499,58.7499961853027,11.2917108535767,1433,5917,7350
610,3,1,1,2,30.8866519927979,63.8333015441895,7.58352899551392,2352,3788,6140
611,3,1,1,2,28.563346862793,81.5,4.29274368286133,2613,3197,5810
612,3,0,1,1,29.0074996948242,79.0832977294922,10.1251077651978,1965,4069,6034
613,3,1,0,1,29.7591533660889,75.5,15.8335075378418,867,5997,6864
614,3,1,0,1,30.2033462524414,74.125,12.5831365585327,832,6280,7112
615,3,1,0,2,28.563346862793,81.0417022705078,9.54220771789551,611,5592,6203
616,3,1,0,1,28.8366546630859,73.625,11.5002822875977,1045,6459,7504
617,3,1,1,2,27.0258464813232,79.9166946411133,18.8339672088623,1557,4419,5976
618,3,1,1,1,25.0100002288818,54.75,15.0412321090698,2570,5657,8227
619,3,1,0,1,23.9166526794434,50.3750038146973,17.3337707519531,1118,6407,7525
620,3,1,0,1,23.6774997711182,52,6.16763162612915,1070,6697,7767
621,3,1,0,1,24.5658473968506,57.7082977294922,8.8336820602417,1050,6820,7870
622,3,1,0,1,25.1125011444092,63.7082977294922,5.54229354858398,1054,6750,7804
623,3,1,0,1,25.9666538238525,67.25,6.95882129669189,1379,6630,8009
624,3,1,1,1,24.9416522979736,50.1667022705078,16.5839061737061,3160,5554,8714
625,3,1,1,1,23.7799987792969,57,6.04228115081787,2166,5167,7333
626,3,1,0,2,23.8141536712646,73.4583053588867,10.1667137145996,1022,5847,6869
627,3,1,0,2,25.5566520690918,87.25,23.9583301544189,371,3702,4073
628,3,1,0,1,22.6525001525879,53.6666984558105,14.4167251586914,788,6803,7591
629,3,1,0,1,22.4133453369141,61.8332977294922,7.91718864440918,939,6781,7720
630,3,1,0,1,24.5658473968506,66.875,10.3333425521851,1250,6917,8167
631,3,1,1,1,26.6499996185303,64.6667022705078,19.0000591278076,2512,5883,8395
632,4,1,1,1,21.6958465576172,46.7083015441895,14.9582862854004,2454,5453,7907
633,4,1,0,1,21.080846786499,49.2916984558105,9.5410680770874,1001,6435,7436
634,4,1,0,1,22.5500011444092,57,15.8335075378418,845,6693,7538
635,4,1,0,1,26.0349998474121,63.0833015441895,16.3747997283936,787,6946,7733
636,4,1,0,2,26.6499996185303,69.0832977294922,9.00091361999512,751,6642,7393
637,4,1,0,2,25.3858451843262,69,10.9999923706055,1045,6370,7415
638,4,1,1,1,22.2425003051758,54.2917022705078,15.2494678497314,2589,5966,8555
639,4,1,1,1,21.5933475494385,58.3333015441895,9.04218578338623,2015,4874,6889
640,4,1,0,2,21.3541526794434,64.9167022705078,6.08388137817383,763,6015,6778
641,4,1,0,3,24.2241535186768,87.1667022705078,6.99982500076294,315,4324,4639
642,4,1,0,2,26.9575004577637,79.375,4.45856857299805,728,6844,7572
643,4,1,0,2,26.9575004577637,72.2917022705078,7.87558174133301,891,6437,7328
644,4,1,0,1,25.2150001525879,62.75,7.12544965744019,1516,6640,8156
645,4,1,1,1,22.7208461761475,66.4167022705078,17.9576759338379,3031,4934,7965
646,4,1,1,2,17.0491523742676,70.8332977294922,9.45785331726074,781,2729,3510
647,4,0,1,2,15.7166528701782,70.9582977294922,12.7084932327271,874,4604,5478
648,4,1,0,2,18.313346862793,76.1667022705078,12.7501001358032,601,5791,6392
649,4,1,0,1,21.080846786499,63.0833015441895,12.5840072631836,780,6911,7691
650,4,1,0,1,17.8350009918213,46.3333015441895,12.1669321060181,834,6736,7570
651,4,1,0,1,17.9375,53.9166984558105,15.751163482666,1060,6222,7282
652,4,1,1,1,16.126651763916,49.4583015441895,9.79151439666748,2252,4857,7109
653,4,1,1,1,21.3883476257324,64.0416946411133,18.6670036315918,2080,4559,6639
654,4,1,0,2,23.0283489227295,70.75,19.8344783782959,760,5115,5875
655,4,1,0,1,19.2016525268555,55.8332977294922,12.2088069915771,922,6612,7534
656,4,1,0,1,18.689151763916,69.2917022705078,6.79185676574707,979,6482,7461
657,4,1,0,2,21.4224987030029,72.8332977294922,15.8747787475586,1008,6501,7509
658,4,1,0,2,23.0966510772705,81.5,9.04191875457764,753,4671,5424
659,4,1,1,1,19.8508472442627,57.2916984558105,7.87497901916504,2806,5284,8090
660,4,1,1,1,19.0308475494385,51,11.125617980957,2132,4692,6824
661,4,1,0,1,19.9875011444092,56.8333015441895,5.45938110351562,830,6228,7058
662,4,1,0,1,22.3108463287354,64.1667022705078,6.3345685005188,841,6625,7466
663,4,1,0,1,24.0874996185303,63.625,4.87620639801025,795,6898,7693
664,4,1,0,2,22.5500011444092,80.0417022705078,8.33312511444092,875,6484,7359
665,4,1,0,2,22.3791522979736,80.7082977294922,8.87528896331787,1182,6262,7444
666,4,1,1,2,21.7299995422363,72,15.7913637161255,2643,5209,7852
667,4,1,1,2,19.5774993896484,69.4582977294922,26.6665344238281,998,3461,4459
668,4,1,0,3,18.0399990081787,88,23.9994010925293,2,20,22
669,4,1,0,2,13.0454616546631,82.5455017089844,14.2716026306152,87,1009,1096
670,4,1,0,2,14.6574993133545,66.6667022705078,11.1666889190674,419,5147,5566
671,4,1,0,2,14.999153137207,58.1667022705078,10.542181968689,466,5520,5986
672,4,1,0,1,14.5549993515015,52.2082977294922,17.8337249755859,618,5229,5847
673,4,1,1,2,14.0766534805298,49.125,18.1254425048828,1029,4109,5138
674,4,1,1,1,13.3591527938843,53.2917022705078,12.0002355575562,1201,3906,5107
675,4,1,0,1,13.0858469009399,49.4166984558105,15.8337745666504,378,4881,5259
676,4,1,0,1,11.5141534805298,56.7083015441895,11.6253709793091,466,5220,5686
677,4,1,0,2,12.1291522979736,54.75,20.3752365112305,326,4709,5035
678,4,1,0,1,14.4391345977783,33.3478012084961,23.3049449920654,340,4975,5315
679,4,1,0,1,14.8283472061157,54.0832977294922,14.3753862380981,709,5283,5992
680,4,1,1,1,15.9558477401733,64.5416946411133,3.87566876411438,2090,4446,6536
681,4,1,1,1,17.2541522979736,65.9167022705078,8.54249954223633,2290,4562,6852
682,4,0,1,1,19.8850002288818,74.1666946411133,11.625638961792,1097,5172,6269
683,4,1,0,2,14.0766534805298,66.2917022705078,22.9170818328857,327,3767,4094
684,4,1,0,1,11.8558464050293,55.2083015441895,13.3748750686646,373,5122,5495
685,4,1,0,2,13.188346862793,62.0416984558105,10.250129699707,320,5125,5445
686,4,1,0,1,14.1449995040894,52.4582977294922,11.4586744308472,484,5214,5698
687,4,1,1,1,13.3249998092651,54.5417022705078,12.0418434143066,1313,4316,5629
688,4,1,1,1,14.0425004959106,69.2917022705078,15.2500038146973,922,3747,4669
689,4,1,0,2,15.6141529083252,62.3332977294922,15.7494888305664,449,5050,5499
690,4,1,0,2,15.3408470153809,68.5,5.54257535934448,534,5100,5634
691,4,1,0,1,14.4866523742676,61.375,6.91748237609863,615,4531,5146
692,4,0,1,1,13.9400005340576,58.0416984558105,3.5423436164856,955,1470,2425
693,4,1,0,1,15.1016530990601,56.8750038146973,9.91740703582764,1603,2307,3910
694,4,1,1,1,11.4116535186768,40.4583015441895,25.2503566741943,532,1745,2277
695,4,1,1,1,10.0791530609131,46.8333015441895,10.0834999084473,309,2115,2424
696,4,1,0,1,12.8466529846191,53.5417022705078,3.12555003166199,337,4750,5087
697,4,1,0,2,11.9583473205566,78.6667022705078,15.9166536331177,123,3836,3959
698,4,1,0,1,12.1633472442627,50.6250038146973,14.1250076293945,198,5062,5260
699,4,1,0,1,11.5156698226929,55.5652008056641,7.73997402191162,243,5080,5323
700,4,1,0,1,12.2316522598267,64.9582977294922,3.91754364967346,362,5306,5668
701,4,1,1,2,12.2316522598267,80.6666946411133,4.00018119812012,951,4240,5191
702,4,1,1,2,14.2474994659424,82.3333053588867,8.33339309692383,892,3757,4649
703,4,1,0,1,18.5524997711182,76.75,5.54229354858398,555,5679,6234
704,4,1,0,1,19.5091533660889,73.375,11.6666421890259,551,6055,6606
705,4,1,0,1,17.9716529846191,48.5,21.7094078063965,331,5398,5729
706,4,1,0,1,10.4891529083252,50.8750038146973,11.7085180282593,340,5035,5375
707,4,1,0,2,13.1541528701782,76.4167022705078,8.75020027160645,349,4659,5008
708,4,1,1,2,15.6483469009399,91.125,6.79239320755005,1153,4429,5582
709,4,1,1,2,15.750846862793,90.5417022705078,10.584324836731,441,2787,3228
710,4,1,0,2,17.8691539764404,92.5,12.750636100769,329,4841,5170
711,4,1,0,2,14.4866523742676,59.6666984558105,19.8344783782959,282,5219,5501
712,4,1,0,2,12.1975002288818,53.8333015441895,10.9167785644531,310,5009,5319
713,4,1,0,1,12.1291522979736,48.5832977294922,11.6666421890259,425,5107,5532
714,4,1,0,1,11.5483465194702,64.2916946411133,8.79234313964844,429,5182,5611
715,4,1,1,1,13.2908477783203,65.0416946411133,7.12544965744019,767,4280,5047
716,4,1,1,2,14.8625001907349,83.875,6.74971389770508,538,3248,3786
717,4,1,0,2,16.126651763916,90.7082977294922,6.58330631256104,212,4373,4585
718,4,1,0,1,16.8441524505615,66.625,14.8340682983398,433,5124,5557
719,4,1,0,1,13.6325006484985,62.5416984558105,12.3341636657715,333,4934,5267
720,4,1,0,2,13.5300006866455,66.7917022705078,8.87502098083496,314,3814,4128
721,1,1,0,2,13.3933477401733,55.6666984558105,25.0836620330811,221,3402,3623
722,1,1,1,1,10.8991527557373,44.125,27.2921829223633,205,1544,1749
723,1,1,1,1,10.0791530609131,51.5416984558105,8.91656112670898,408,1379,1787
724,1,1,0,2,9.48346424102783,79.1304016113281,5.17443704605103,174,746,920
725,1,0,1,2,11.9434633255005,73.4783020019531,11.3046417236328,440,573,1013
726,1,1,0,3,9.97665309906006,82.3333053588867,21.2085819244385,9,432,441
727,1,1,0,2,10.4208469390869,65.2917022705078,23.458911895752,247,1867,2114
728,1,1,0,2,10.3866529464722,58.9999961853027,10.4165563583374,644,2451,3095
729,1,1,1,2,10.3866529464722,75.2917022705078,8.33366107940674,159,1182,1341
730,1,1,1,1,10.4891529083252,48.3332977294922,23.5005168914795,364,1432,1796
731,1,1,0,2,8.84915256500244,57.75,10.3746814727783,439,2290,2729
