neighid,male,dadeduc,momeduc,socialcapital,familywealth,deprive
26,female,no,no,2.9719999,.56099999,-.551
26,female,no,no,1.972,1.5177,-.551
26,male,no,no,-1.028,-1.3276,-.551
26,male,no,no,17.972,1.5177,-.551
26,female,no,no,-10.028,-1.3276,-.551
27,female,no,yes,3.9719999,-.13249999,.147
29,male,yes,yes,8.9720001,.029300001,-.082999997
29,female,no,no,-8.0279999,-.36000001,-.082999997
29,male,no,no,4.9720001,.1582,-.082999997
29,female,no,no,1.972,.1582,-.082999997
29,male,no,no,-4.0279999,.73500001,-.082999997
29,male,no,no,-17.028,-1.3276,-.082999997
29,female,no,no,-8.0279999,-1.3276,-.082999997
29,female,no,no,-15.028,-1.3276,-.082999997
29,female,no,no,-.028000001,.56099999,-.082999997
30,male,no,no,-.028000001,-.13249999,-.27399999
30,male,yes,no,.972,1.5177,-.27399999
31,male,yes,yes,2.9719999,2.4151001,.0070000002
31,male,no,no,-16.028,-1.3276,.0070000002
32,male,no,no,.972,.26409999,-.19499999
32,female,no,no,-.028000001,-.36000001,-.19499999
32,female,no,no,-1.028,-.36000001,-.19499999
32,male,no,no,7.9720001,.029300001,-.19499999
32,male,no,no,6.9720001,.029300001,-.19499999
32,female,no,no,-1.028,.73500001,-.19499999
33,female,no,no,-4.0279999,-.36000001,.54400003
33,male,yes,yes,-5.0279999,-1.3276,.54400003
33,female,no,no,-18.028,-1.3276,.54400003
33,male,no,no,-4.0279999,-.36000001,.54400003
35,male,no,no,-15.028,-1.3276,.32499999
35,male,no,no,-16.028,-1.3276,.32499999
35,female,no,no,-9.0279999,-1.3276,.32499999
36,female,no,yes,6.9720001,.26409999,.215
36,male,no,no,-1.028,.73500001,.215
37,male,no,no,-21.028,-1.3276,.76700002
38,male,no,no,-8.0279999,-1.3276,-.34900001
38,male,no,no,-1.028,-1.3276,-.34900001
38,female,no,no,11.972,.73500001,-.34900001
38,male,no,no,-6.0279999,-.13249999,-.34900001
38,male,no,no,2.9719999,-.36000001,-.34900001
39,male,no,no,-8.0279999,-1.3276,.024
39,female,no,no,.972,-.36000001,.024
39,female,no,no,-5.0279999,-.13249999,.024
40,male,no,no,-22.028,-1.3276,.31
40,female,no,no,-18.028,-1.3276,.31
40,female,no,no,.972,.029300001,.31
40,male,no,yes,12.972,.56099999,.31
41,female,yes,no,-9.0279999,-1.3276,.23100001
47,female,no,no,-22.028,-1.3276,.20200001
47,male,no,no,-11.028,-.13249999,.20200001
47,female,no,no,7.9720001,-.13249999,.20200001
47,female,no,no,-.028000001,.26409999,.20200001
47,male,no,yes,-2.0280001,-.36000001,.20200001
47,male,no,no,-16.028,-1.3276,.20200001
47,male,no,no,-13.028,-1.3276,.20200001
47,male,no,no,-10.028,-.36000001,.20200001
48,female,no,no,2.9719999,.029300001,-.352
48,male,no,no,-3.0280001,-.13249999,-.352
48,female,no,no,-21.028,-1.3276,-.352
48,male,yes,yes,-16.028,-1.3276,-.352
48,female,yes,yes,-4.0279999,-1.3276,-.352
49,male,no,no,-4.0279999,.26409999,.648
49,male,no,no,.972,.029300001,.648
49,male,no,no,4.9720001,-1.3276,.648
49,female,yes,yes,10.972,.3917,.648
49,female,no,no,-12.028,-1.3276,.648
49,male,no,no,-15.028,.029300001,.648
50,female,no,no,1.972,-1.3276,1.262
50,male,no,yes,-13.028,-1.3276,1.262
50,female,no,yes,-11.028,-1.3276,1.262
50,male,no,no,-20.028,-1.3276,1.262
50,male,no,no,-18.028,-1.3276,1.262
50,female,no,no,-9.0279999,-1.3276,1.262
51,male,no,no,2.9719999,-.36000001,1.217
51,male,no,no,-23.028,-1.3276,1.217
51,female,no,no,-21.028,-1.3276,1.217
51,female,no,no,3.9719999,.9127,1.217
51,male,yes,yes,-7.0279999,-1.3276,1.217
51,male,no,no,-18.028,-1.3276,1.217
52,male,yes,yes,-9.0279999,-1.3276,.2
52,male,no,no,-11.028,-1.3276,.2
52,female,no,no,.972,.73500001,.2
52,male,no,no,2.9719999,1.1404999,.2
53,female,yes,no,3.9719999,2.4151001,-.34200001
53,male,no,yes,-8.0279999,-1.3276,-.34200001
53,male,yes,yes,-6.0279999,-1.3276,-.34200001
53,male,no,no,-2.0280001,-.36000001,-.34200001
54,female,yes,yes,-4.0279999,-1.3276,-.07
54,male,no,yes,.972,.9127,-.07
54,male,no,no,-27.028,-1.3276,-.07
54,female,no,no,-5.0279999,-.36000001,-.07
55,female,no,yes,-11.028,-.36000001,.58600003
55,female,no,no,-.028000001,.1582,.58600003
56,female,no,no,-4.0279999,-1.3276,.48100001
56,male,no,no,-2.0280001,-.13249999,.48100001
56,male,no,no,1.972,-.13249999,.48100001
56,female,no,no,-3.0280001,.9127,.48100001
57,male,no,yes,-.028000001,.56099999,.017000001
57,female,no,no,.972,-.5812,.017000001
57,male,no,no,-9.0279999,-1.3276,.017000001
57,male,yes,yes,-2.0280001,-1.3276,.017000001
57,male,no,no,-12.028,-1.3276,.017000001
58,female,no,no,-6.0279999,-.36000001,.63
58,male,no,no,-9.0279999,-.5812,.63
58,female,no,no,2.9719999,.26409999,.63
58,male,yes,yes,7.9720001,.1582,.63
59,male,no,no,-22.028,-1.3276,-.42699999
59,female,no,no,-18.028,-1.3276,-.42699999
59,female,no,no,3.9719999,.1582,-.42699999
60,female,no,no,3.9719999,.56099999,-.264
60,male,no,no,-11.028,-1.3276,-.264
60,female,no,no,12.972,.9127,-.264
60,male,yes,yes,-11.028,-1.3276,-.264
60,female,no,no,-6.0279999,1.5177,-.264
60,male,no,yes,-1.028,.26409999,-.264
61,male,yes,yes,7.9720001,.3917,.090000004
61,female,no,yes,12.972,1.1404999,.090000004
61,female,no,no,-3.0280001,-.36000001,.090000004
61,male,no,no,8.9720001,.029300001,.090000004
61,female,no,no,10.972,.1582,.090000004
61,male,yes,yes,-11.028,-1.3276,.090000004
62,male,no,no,4.9720001,.56099999,-.40000001
62,male,yes,no,8.9720001,.3917,-.40000001
62,male,yes,no,12.972,.56099999,-.40000001
62,female,yes,no,-5.0279999,.029300001,-.40000001
62,male,no,no,5.9720001,-.36000001,-.40000001
62,female,no,no,-16.028,-1.3276,-.40000001
64,male,no,no,-4.0279999,.3917,.31
65,female,no,yes,7.9720001,.9127,-.37099999
66,male,no,no,10.972,.3917,-.212
66,male,no,no,-18.028,-.5812,-.212
66,female,no,no,17.972,.1582,-.212
66,male,no,no,-1.028,-.13249999,-.212
66,female,no,yes,25.972,1.1404999,-.212
66,male,no,no,-4.0279999,.56099999,-.212
67,female,no,no,-6.0279999,-.36000001,-.58600003
67,male,no,no,5.9720001,-.13249999,-.58600003
67,female,no,no,1.972,-.5812,-.58600003
67,female,no,no,-21.028,-1.3276,-.58600003
67,male,yes,no,30.972,2.4151001,-.58600003
68,male,no,no,-18.028,-1.3276,-.198
68,female,no,no,-7.0279999,-1.3276,-.198
68,female,no,no,-2.0280001,-1.3276,-.198
68,female,no,yes,-3.0280001,2.4151001,-.198
68,male,no,no,2.9719999,-1.3276,-.198
68,female,no,no,2.9719999,.1582,-.198
69,male,no,no,-7.0279999,.56099999,.077
69,female,no,no,12.972,1.1404999,.077
69,female,no,no,-10.028,-1.3276,.077
69,female,no,no,-6.0279999,.26409999,.077
69,female,yes,yes,-4.0279999,-.13249999,.077
69,female,no,no,.972,.9127,.077
69,female,no,no,-10.028,-.36000001,.077
70,male,no,no,-9.0279999,-1.3276,.81300002
70,female,no,no,-8.0279999,-1.3276,.81300002
70,male,no,yes,-.028000001,-1.3276,.81300002
70,female,no,no,-2.0280001,-1.3276,.81300002
119,female,no,no,-17.028,-1.3276,.42399999
119,female,no,no,-7.0279999,.1582,.42399999
119,male,no,yes,-6.0279999,-1.3276,.42399999
119,male,no,no,3.9719999,-1.3276,.42399999
119,male,no,no,1.972,-.36000001,.42399999
120,female,yes,yes,-10.028,-.36000001,.36300001
120,male,no,no,7.9720001,-1.3276,.36300001
121,female,no,no,-8.0279999,-1.3276,.092
121,male,no,no,6.9720001,2.4151001,.092
122,female,no,yes,8.9720001,.56099999,.36300001
122,female,no,yes,1.972,.029300001,.36300001
122,female,no,no,-3.0280001,.26409999,.36300001
123,female,yes,yes,1.972,.73500001,.12
123,female,yes,yes,-2.0280001,-.36000001,.12
123,male,no,no,-16.028,-1.3276,.12
123,male,no,no,-1.028,1.1404999,.12
123,female,yes,yes,-6.0279999,-.5812,.12
124,male,no,no,-.028000001,.029300001,.30500001
125,female,no,no,-11.028,-1.3276,-.21600001
125,male,no,no,4.9720001,.9127,-.21600001
125,male,no,no,-12.028,-1.3276,-.21600001
126,male,no,no,-13.028,-1.3276,.154
126,female,no,no,-7.0279999,1.1404999,.154
126,male,no,no,-13.028,-.5812,.154
126,male,no,no,.972,.029300001,.154
126,female,no,no,2.9719999,-1.3276,.154
126,male,no,no,-8.0279999,-1.3276,.154
126,male,yes,no,.972,1.5177,.154
127,female,no,no,-.028000001,-.5812,-.189
127,male,no,no,-15.028,-1.3276,-.189
127,male,no,no,-12.028,-1.3276,-.189
128,male,no,yes,-5.0279999,-.13249999,-.44100001
128,female,no,yes,1.972,1.5177,-.44100001
128,female,yes,yes,-.028000001,.1582,-.44100001
128,female,no,no,-10.028,.73500001,-.44100001
128,male,no,no,-4.0279999,-1.3276,-.44100001
128,male,no,no,-9.0279999,-.5812,-.44100001
130,male,no,no,18.972,1.5177,-.54100001
130,female,yes,yes,-1.028,.56099999,-.54100001
130,male,no,no,-17.028,-1.3276,-.54100001
130,male,no,no,5.9720001,.029300001,-.54100001
130,female,no,yes,-.028000001,-.13249999,-.54100001
133,male,no,no,-20.028,-1.3276,.58099997
133,female,no,no,2.9719999,.56099999,.58099997
133,female,no,no,-6.0279999,-1.3276,.58099997
133,female,yes,yes,-4.0279999,-.13249999,.58099997
134,male,no,no,.972,.1582,-.056000002
135,female,no,no,-4.0279999,-.36000001,.60100001
135,male,no,no,-22.028,-1.3276,.60100001
136,male,no,no,-.028000001,-1.3276,.28
136,female,no,no,-14.028,-1.3276,.28
136,female,no,no,-13.028,-1.3276,.28
137,male,no,no,-20.028,.029300001,.458
137,female,yes,yes,-7.0279999,-1.3276,.458
137,female,no,no,-8.0279999,-1.3276,.458
138,female,no,no,-1.028,.029300001,.237
139,female,yes,no,-10.028,.56099999,-.168
139,female,no,no,-4.0279999,.3917,-.168
139,female,no,no,-6.0279999,.029300001,-.168
139,male,no,no,-2.0280001,-.13249999,-.168
139,female,no,no,-8.0279999,-.36000001,-.168
139,female,yes,yes,4.9720001,1.1404999,-.168
139,male,no,no,-4.0279999,.26409999,-.168
139,male,no,no,-15.028,-1.3276,-.168
140,male,yes,yes,-8.0279999,.029300001,.528
140,female,no,no,23.972,1.1404999,.528
140,male,no,no,-21.028,-1.3276,.528
140,male,no,no,-9.0279999,-1.3276,.528
140,female,no,no,-7.0279999,-.36000001,.528
140,male,no,no,-4.0279999,.029300001,.528
140,male,no,no,-10.028,-1.3276,.528
140,male,no,no,-11.028,-.36000001,.528
143,female,no,yes,13.972,2.4151001,-.39500001
143,male,no,no,-1.028,-.13249999,-.39500001
144,male,no,no,-20.028,-1.3276,.221
144,female,yes,yes,-3.0280001,-.13249999,.221
144,male,no,no,-17.028,-1.3276,.221
144,male,no,no,-7.0279999,1.5177,.221
144,female,no,no,6.9720001,.1582,.221
144,female,no,no,-10.028,-1.3276,.221
145,male,yes,yes,-5.0279999,-.36000001,.34
145,male,no,yes,.972,.9127,.34
145,female,yes,yes,-9.0279999,-1.3276,.34
145,male,no,no,-7.0279999,-1.3276,.34
145,male,no,no,7.9720001,-.13249999,.34
145,female,no,no,7.9720001,.029300001,.34
145,female,no,no,7.9720001,1.1404999,.34
146,male,no,no,15.972,1.5177,-.046999998
146,male,yes,yes,-11.028,-.5812,-.046999998
147,female,no,yes,-.028000001,.9127,-.226
147,male,no,no,8.9720001,.9127,-.226
148,male,no,no,-4.0279999,-.13249999,-.56
148,female,no,no,-11.028,.56099999,-.56
148,female,no,no,5.9720001,.56099999,-.56
148,male,no,yes,.972,1.5177,-.56
148,male,no,no,1.972,.029300001,-.56
148,female,yes,no,10.972,.26409999,-.56
148,male,no,no,8.9720001,1.5177,-.56
149,male,yes,no,11.972,.9127,-.198
149,male,no,no,11.972,.73500001,-.198
149,male,yes,no,8.9720001,.3917,-.198
149,female,no,no,-11.028,.56099999,-.198
150,male,yes,yes,-18.028,-1.3276,-.39700001
150,male,no,no,9.9720001,.3917,-.39700001
150,male,no,no,-9.0279999,.26409999,-.39700001
150,male,yes,no,1.972,.56099999,-.39700001
151,male,no,no,-2.0280001,.73500001,-.903
151,female,yes,yes,9.9720001,.73500001,-.903
151,male,no,no,3.9719999,1.1404999,-.903
151,female,yes,no,-5.0279999,.73500001,-.903
151,male,no,no,-12.028,1.5177,-.903
151,male,no,no,3.9719999,.3917,-.903
152,male,no,no,2.9719999,-.36000001,-.176
152,male,no,no,-5.0279999,-1.3276,-.176
152,female,no,yes,-11.028,-1.3276,-.176
152,female,no,no,12.972,.3917,-.176
152,female,no,no,-2.0280001,.26409999,-.176
152,male,no,no,-3.0280001,-1.3276,-.176
152,male,no,no,-18.028,-.36000001,-.176
153,female,no,no,4.9720001,-.13249999,.043000001
153,female,no,no,4.9720001,1.1404999,.043000001
153,male,no,no,-8.0279999,-.5812,.043000001
153,female,no,no,-5.0279999,.9127,.043000001
153,male,no,no,-7.0279999,-.13249999,.043000001
153,female,no,no,10.972,.9127,.043000001
153,male,no,no,6.9720001,.73500001,.043000001
153,male,no,no,1.972,1.1404999,.043000001
153,male,yes,no,4.9720001,.56099999,.043000001
154,female,no,no,.972,-1.3276,1.054
154,female,no,no,-10.028,.029300001,1.054
154,female,no,yes,-2.0280001,-.36000001,1.054
155,male,no,no,17.972,.029300001,-.104
155,female,yes,yes,4.9720001,.029300001,-.104
155,female,no,no,-13.028,-1.3276,-.104
155,female,no,no,-1.028,-.36000001,-.104
155,male,no,no,-3.0280001,-1.3276,-.104
155,female,no,no,-3.0280001,-1.3276,-.104
155,male,yes,no,4.9720001,.9127,-.104
156,female,no,yes,13.972,-.36000001,1.729
157,female,no,no,-21.028,-1.3276,.17200001
157,male,no,no,-15.028,-1.3276,.17200001
157,female,yes,yes,-14.028,-1.3276,.17200001
158,male,no,yes,-10.028,-1.3276,.58899999
158,female,no,no,-.028000001,.1582,.58899999
166,male,no,no,-5.0279999,-.36000001,-.66000003
168,male,no,no,-1.028,.3917,-.42699999
168,female,no,no,8.9720001,-1.3276,-.42699999
168,female,no,no,-15.028,-1.3276,-.42699999
168,female,no,yes,22.972,.9127,-.42699999
169,female,no,yes,-.028000001,-.36000001,.056000002
169,male,yes,yes,-4.0279999,-.13249999,.056000002
169,male,no,no,-1.028,.1582,.056000002
169,female,yes,yes,8.9720001,.73500001,.056000002
169,female,no,no,12.972,-.13249999,.056000002
169,female,no,no,12.972,2.4151001,.056000002
169,female,yes,yes,1.972,-.36000001,.056000002
169,female,yes,no,-2.0280001,-.36000001,.056000002
169,female,no,no,6.9720001,.3917,.056000002
170,male,yes,no,-4.0279999,-.13249999,-.229
170,female,no,no,-7.0279999,-.36000001,-.229
171,female,no,yes,.972,-1.3276,.18799999
171,male,no,no,-2.0280001,-1.3276,.18799999
171,female,no,no,8.9720001,.1582,.18799999
171,male,no,yes,-27.028,-1.3276,.18799999
171,male,no,no,12.972,.3917,.18799999
171,male,no,no,6.9720001,.1582,.18799999
171,male,yes,yes,-3.0280001,-.36000001,.18799999
172,female,no,no,5.9720001,1.5177,-.25999999
172,female,no,no,9.9720001,-.13249999,-.25999999
174,female,no,yes,13.972,2.4151001,.23899999
174,female,no,no,.972,.9127,.23899999
174,female,no,yes,-1.028,1.5177,.23899999
174,female,no,no,4.9720001,.9127,.23899999
174,female,no,no,7.9720001,.56099999,.23899999
174,male,no,no,1.972,.3917,.23899999
174,male,no,no,12.972,.3917,.23899999
175,male,no,yes,-.028000001,.3917,.016000001
175,male,no,no,.972,-.13249999,.016000001
175,male,no,no,-9.0279999,-1.3276,.016000001
175,male,no,no,1.972,.029300001,.016000001
175,male,no,no,15.972,.3917,.016000001
176,female,no,yes,15.972,1.1404999,-.31600001
176,female,no,yes,-6.0279999,-.5812,-.31600001
176,female,no,no,10.972,1.1404999,-.31600001
176,female,no,no,-5.0279999,-1.3276,-.31600001
176,female,no,no,-9.0279999,.029300001,-.31600001
177,male,no,no,3.9719999,.26409999,-.46799999
177,female,no,no,-4.0279999,-1.3276,-.46799999
177,female,no,no,4.9720001,.26409999,-.46799999
177,female,no,no,8.9720001,.029300001,-.46799999
177,female,no,no,11.972,.73500001,-.46799999
177,male,yes,no,4.9720001,.1582,-.46799999
178,male,no,no,1.972,.3917,-.27599999
178,male,no,no,3.9719999,.1582,-.27599999
178,male,yes,yes,10.972,.73500001,-.27599999
178,female,no,no,3.9719999,.26409999,-.27599999
178,female,yes,no,32.972,2.4151001,-.27599999
179,female,no,no,-5.0279999,.3917,-.25099999
179,male,no,no,1.972,-.5812,-.25099999
179,male,no,no,11.972,1.5177,-.25099999
179,male,no,no,-1.028,.1582,-.25099999
179,male,no,no,.972,.3917,-.25099999
180,female,no,no,14.972,1.5177,-.15099999
180,female,no,no,1.972,.3917,-.15099999
180,male,no,no,-1.028,.9127,-.15099999
181,female,no,no,-8.0279999,-1.3276,.22
181,female,no,no,12.972,-1.3276,.22
181,male,no,no,-.028000001,.9127,.22
181,female,no,no,16.972,.9127,.22
181,female,no,no,8.9720001,.1582,.22
181,female,no,no,-4.0279999,-.5812,.22
181,male,yes,yes,-10.028,-1.3276,.22
181,male,no,no,-9.0279999,-1.3276,.22
182,male,no,no,-1.028,.56099999,.057
182,male,no,no,-6.0279999,-1.3276,.057
182,female,no,no,-7.0279999,-1.3276,.057
183,male,no,no,-2.0280001,.3917,-.026000001
184,female,no,no,11.972,.029300001,.046
184,male,no,yes,-1.028,-1.3276,.046
184,female,no,no,3.9719999,.029300001,.046
184,female,yes,yes,-10.028,-1.3276,.046
184,male,no,no,-4.0279999,-.5812,.046
184,female,no,no,5.9720001,-.13249999,.046
185,female,no,no,-9.0279999,-1.3276,-.38800001
185,male,no,no,1.972,.3917,-.38800001
186,female,no,no,1.972,-.5812,-.53600001
186,male,yes,yes,-6.0279999,-1.3276,-.53600001
186,male,no,no,-13.028,-1.3276,-.53600001
187,male,no,no,2.9719999,.3917,-.093000002
187,female,yes,no,10.972,2.4151001,-.093000002
187,female,no,no,33.972,.9127,-.093000002
187,male,no,no,-14.028,-1.3276,-.093000002
187,female,no,no,3.9719999,-.5812,-.093000002
188,female,no,no,-2.0280001,-1.3276,-.015
188,female,no,no,-13.028,-1.3276,-.015
188,male,no,no,-.028000001,-.5812,-.015
188,female,yes,no,10.972,.73500001,-.015
189,female,yes,yes,9.9720001,.3917,-.51899999
189,female,no,no,-14.028,-1.3276,-.51899999
190,female,yes,no,-19.028,-.13249999,-.37
190,male,no,no,5.9720001,-.5812,-.37
190,male,no,no,3.9719999,.029300001,-.37
190,female,yes,no,1.972,.3917,-.37
190,male,no,no,-4.0279999,-1.3276,-.37
190,female,no,no,-4.0279999,-1.3276,-.37
190,female,no,no,7.9720001,1.1404999,-.37
191,male,no,no,8.9720001,-.36000001,-.67699999
191,male,no,yes,-9.0279999,-1.3276,-.67699999
191,male,no,no,-16.028,-1.3276,-.67699999
192,female,no,no,-4.0279999,-.5812,-.086999997
192,male,yes,yes,9.9720001,.56099999,-.086999997
192,male,no,yes,-21.028,-1.3276,-.086999997
192,female,no,no,-18.028,-1.3276,-.086999997
192,female,no,yes,6.9720001,.3917,-.086999997
193,female,no,no,-3.0280001,-1.3276,.77700001
193,female,no,no,-20.028,-.5812,.77700001
193,male,yes,no,-.028000001,-.36000001,.77700001
193,female,yes,yes,10.972,2.4151001,.77700001
194,male,no,no,-4.0279999,-.36000001,-.45899999
194,male,yes,yes,-3.0280001,.26409999,-.45899999
194,male,no,yes,12.972,.9127,-.45899999
194,male,yes,no,2.9719999,2.4151001,-.45899999
195,female,no,no,-7.0279999,-.36000001,1.5700001
195,female,yes,yes,-6.0279999,-.13249999,1.5700001
195,male,no,yes,-22.028,-1.3276,1.5700001
195,male,no,no,-10.028,-1.3276,1.5700001
195,male,no,no,-27.028,-1.3276,1.5700001
195,female,no,no,-14.028,-1.3276,1.5700001
195,female,no,no,9.9720001,.26409999,1.5700001
195,male,no,no,2.9719999,.3917,1.5700001
195,female,no,no,-3.0280001,-1.3276,1.5700001
197,male,yes,yes,-7.0279999,-1.3276,.29699999
197,female,no,no,4.9720001,.3917,.29699999
197,male,no,yes,4.9720001,-.36000001,.29699999
197,male,no,yes,4.9720001,.73500001,.29699999
197,female,no,no,16.972,1.1404999,.29699999
198,male,no,no,-9.0279999,-1.3276,.60299999
198,male,no,no,-6.0279999,.26409999,.60299999
198,female,yes,no,7.9720001,-.13249999,.60299999
198,female,no,no,6.9720001,.1582,.60299999
199,male,no,no,6.9720001,.3917,.48500001
199,female,no,no,-5.0279999,.029300001,.48500001
199,male,no,no,3.9719999,.029300001,.48500001
199,male,yes,yes,14.972,.3917,.48500001
199,male,no,no,-7.0279999,-.36000001,.48500001
199,female,no,no,17.972,-.13249999,.48500001
199,female,no,no,.972,-1.3276,.48500001
200,male,no,yes,2.9719999,-.13249999,-.030999999
210,male,no,no,2.9719999,2.4151001,-.51899999
210,female,no,no,24.972,.029300001,-.51899999
210,female,yes,no,13.972,.73500001,-.51899999
210,male,no,yes,16.972,2.4151001,-.51899999
210,female,no,yes,-6.0279999,-.13249999,-.51899999
210,male,no,no,.972,-.36000001,-.51899999
211,male,no,no,2.9719999,.029300001,-.15800001
211,female,yes,no,3.9719999,-.36000001,-.15800001
212,female,no,no,3.9719999,.029300001,.15000001
212,male,no,no,3.9719999,-.36000001,.15000001
212,male,yes,yes,13.972,.9127,.15000001
213,female,no,no,-1.028,-.13249999,-.219
215,female,no,no,1.972,-1.3276,-.41
215,female,yes,no,14.972,1.1404999,-.41
216,male,yes,yes,5.9720001,.9127,-.63800001
216,female,yes,no,21.972,.56099999,-.63800001
216,male,no,yes,-10.028,-.36000001,-.63800001
216,male,yes,yes,11.972,1.5177,-.63800001
216,female,no,no,9.9720001,.73500001,-.63800001
216,female,yes,yes,11.972,.3917,-.63800001
216,male,yes,yes,22.972,1.5177,-.63800001
216,female,yes,yes,8.9720001,.73500001,-.63800001
216,female,no,no,-.028000001,.3917,-.63800001
216,female,yes,no,-3.0280001,1.1404999,-.63800001
216,male,no,no,-.028000001,1.1404999,-.63800001
216,male,no,no,26.972,2.4151001,-.63800001
217,male,no,no,6.9720001,.9127,-.463
217,male,no,no,2.9719999,-1.3276,-.463
217,female,no,no,-8.0279999,-.5812,-.463
217,male,no,no,6.9720001,.3917,-.463
217,female,no,no,13.972,.1582,-.463
217,female,no,yes,11.972,-.36000001,-.463
218,male,no,no,-21.028,-1.3276,.88099998
218,male,yes,no,15.972,-1.3276,.88099998
218,male,no,no,-1.028,-.36000001,.88099998
218,male,no,yes,.972,1.1404999,.88099998
218,female,no,no,-5.0279999,-1.3276,.88099998
218,female,no,no,-14.028,-.36000001,.88099998
218,female,no,no,11.972,.56099999,.88099998
219,male,no,yes,-2.0280001,-1.3276,.52399999
219,female,no,no,-2.0280001,.1582,.52399999
219,male,no,no,7.9720001,.9127,.52399999
220,male,no,no,.972,.029300001,-.109
220,male,no,no,10.972,.26409999,-.109
220,female,no,no,-.028000001,-1.3276,-.109
220,male,no,no,-16.028,-.36000001,-.109
220,female,no,no,17.972,.73500001,-.109
220,female,no,no,-14.028,.029300001,-.109
221,female,yes,yes,3.9719999,-.5812,.228
221,female,no,no,-8.0279999,-.36000001,.228
221,female,no,no,-14.028,-.13249999,.228
222,male,no,no,4.9720001,.3917,-.13500001
222,male,no,no,-2.0280001,1.1404999,-.13500001
222,male,no,no,6.9720001,.73500001,-.13500001
223,female,no,no,-.028000001,-.13249999,-.296
223,female,no,no,-.028000001,.56099999,-.296
223,male,no,no,-2.0280001,.029300001,-.296
224,male,no,yes,-3.0280001,-.5812,.168
224,female,no,no,-18.028,-1.3276,.168
224,female,yes,yes,7.9720001,.029300001,.168
224,male,no,no,9.9720001,.26409999,.168
224,male,no,no,-3.0280001,-.13249999,.168
224,male,no,no,14.972,2.4151001,.168
225,female,no,no,12.972,.9127,1.3710001
226,male,no,no,-.028000001,-.36000001,.0020000001
226,female,no,no,-5.0279999,-.13249999,.0020000001
226,male,no,no,-1.028,-.13249999,.0020000001
226,female,no,no,-18.028,-1.3276,.0020000001
226,male,no,no,17.972,.26409999,.0020000001
227,male,yes,no,14.972,.73500001,-.43599999
227,female,no,yes,-.028000001,.9127,-.43599999
227,female,no,yes,-5.0279999,-.36000001,-.43599999
227,male,no,yes,21.972,2.4151001,-.43599999
227,female,yes,no,10.972,.56099999,-.43599999
227,female,no,no,13.972,.56099999,-.43599999
228,male,no,yes,-2.0280001,1.5177,-.486
229,male,no,yes,-9.0279999,-1.3276,-.242
229,female,no,no,-2.0280001,-1.3276,-.242
229,male,yes,yes,25.972,.73500001,-.242
229,female,no,no,5.9720001,1.1404999,-.242
229,female,no,no,8.9720001,.73500001,-.242
229,male,no,no,-.028000001,.56099999,-.242
229,male,no,yes,8.9720001,.1582,-.242
229,male,no,yes,-6.0279999,-.36000001,-.242
229,male,no,no,4.9720001,.73500001,-.242
229,male,no,no,.972,.56099999,-.242
229,male,no,no,-2.0280001,.3917,-.242
229,female,no,no,-7.0279999,-1.3276,-.242
230,male,no,no,-2.0280001,.26409999,-.222
230,female,yes,yes,8.9720001,1.5177,-.222
230,female,no,no,9.9720001,.73500001,-.222
230,male,no,no,14.972,.3917,-.222
230,female,no,no,-3.0280001,-.13249999,-.222
230,female,no,no,3.9719999,.73500001,-.222
230,female,no,yes,7.9720001,1.1404999,-.222
231,male,no,no,.972,.1582,-.07
231,male,no,no,-14.028,-1.3276,-.07
231,female,no,no,4.9720001,-.5812,-.07
231,male,no,no,2.9719999,.26409999,-.07
231,female,no,no,-1.028,-.5812,-.07
231,male,no,no,-9.0279999,.1582,-.07
232,female,no,no,2.9719999,-.13249999,.44800001
232,female,no,no,-4.0279999,-.5812,.44800001
232,male,no,no,-1.028,.3917,.44800001
232,female,yes,yes,10.972,.26409999,.44800001
233,male,no,no,3.9719999,-.5812,.039999999
233,female,no,no,13.972,.3917,.039999999
233,female,no,no,23.972,.3917,.039999999
233,female,no,no,8.9720001,.9127,.039999999
234,male,no,no,9.9720001,.3917,.30199999
234,female,no,no,-7.0279999,-.36000001,.30199999
234,female,no,no,-7.0279999,-1.3276,.30199999
235,male,no,no,.972,.1582,1.132
235,female,no,yes,6.9720001,.3917,1.132
235,male,no,no,-20.028,-.36000001,1.132
235,female,no,no,1.972,-.13249999,1.132
236,female,no,no,-4.0279999,-.13249999,1.016
236,female,yes,yes,-.028000001,.029300001,1.016
236,female,no,no,.972,-.5812,1.016
237,male,no,no,.972,.26409999,1.14
237,male,no,no,-11.028,-1.3276,1.14
237,female,no,no,4.9720001,-.13249999,1.14
238,male,no,no,16.972,.9127,.685
238,male,no,no,-15.028,-.36000001,.685
239,female,no,no,3.9719999,-.36000001,1.0190001
239,female,no,no,-1.028,.1582,1.0190001
239,female,no,no,-.028000001,.029300001,1.0190001
239,male,no,no,9.9720001,.029300001,1.0190001
239,female,no,no,1.972,.73500001,1.0190001
240,male,no,no,-17.028,-.5812,.52899998
240,male,no,no,2.9719999,.029300001,.52899998
240,female,no,no,-6.0279999,-1.3276,.52899998
240,female,no,no,-7.0279999,-.5812,.52899998
241,female,no,no,5.9720001,.56099999,1.09
241,male,no,no,-19.028,-1.3276,1.09
241,female,no,no,-5.0279999,-1.3276,1.09
241,male,no,no,5.9720001,-1.3276,1.09
242,female,no,no,-10.028,-1.3276,1.617
242,female,no,no,-8.0279999,-1.3276,1.617
243,male,no,no,-22.028,-1.3276,.377
243,male,no,no,-8.0279999,-.36000001,.377
245,female,no,no,-9.0279999,-1.3276,.83899999
245,female,no,no,-17.028,-1.3276,.83899999
247,male,no,no,-.028000001,1.5177,1.0190001
247,female,yes,no,15.972,1.1404999,1.0190001
247,female,no,no,-8.0279999,-.5812,1.0190001
248,female,no,no,-3.0280001,-.36000001,.676
248,female,no,no,-.028000001,.26409999,.676
248,female,no,no,-4.0279999,.1582,.676
248,male,no,no,-12.028,-.13249999,.676
248,female,no,no,-2.0280001,.029300001,.676
248,male,no,no,-1.028,-1.3276,.676
249,female,no,no,2.9719999,.73500001,.011
249,female,no,no,6.9720001,.3917,.011
249,female,no,no,-18.028,-1.3276,.011
249,female,yes,yes,2.9719999,.26409999,.011
249,female,no,no,17.972,.1582,.011
249,female,yes,no,6.9720001,.26409999,.011
249,male,no,no,3.9719999,.3917,.011
250,female,yes,yes,-2.0280001,-.36000001,.91799998
251,female,yes,yes,9.9720001,.9127,-.097000003
251,female,no,no,-23.028,-1.3276,-.097000003
251,male,no,no,-11.028,-1.3276,-.097000003
251,male,no,no,-27.028,-1.3276,-.097000003
251,female,yes,no,-2.0280001,.029300001,-.097000003
252,female,no,no,-1.028,-1.3276,-.61699998
252,female,no,no,2.9719999,2.4151001,-.61699998
252,female,no,no,11.972,1.5177,-.61699998
252,male,yes,yes,-11.028,-.36000001,-.61699998
252,female,no,no,5.9720001,.73500001,-.61699998
253,male,no,no,-5.0279999,-.36000001,.46200001
253,male,no,yes,-8.0279999,.26409999,.46200001
253,male,no,no,-27.028,-1.3276,.46200001
256,female,no,no,.972,1.5177,.82999998
256,female,no,no,-8.0279999,-1.3276,.82999998
258,female,no,no,-1.028,.26409999,-1.048
258,female,no,yes,19.972,1.1404999,-1.048
258,male,yes,yes,7.9720001,.73500001,-1.048
258,female,no,yes,13.972,1.5177,-1.048
258,female,no,no,.972,.1582,-1.048
259,female,no,no,20.972,.73500001,-.93199998
259,male,yes,no,-5.0279999,1.1404999,-.93199998
259,female,yes,yes,15.972,.9127,-.93199998
259,female,yes,yes,16.972,2.4151001,-.93199998
259,male,yes,yes,9.9720001,1.1404999,-.93199998
259,female,no,no,-3.0280001,-.5812,-.93199998
259,male,yes,no,14.972,1.1404999,-.93199998
259,male,yes,no,10.972,1.5177,-.93199998
259,female,no,no,12.972,1.5177,-.93199998
260,male,no,no,-4.0279999,-.36000001,-1.03
260,male,yes,yes,17.972,1.1404999,-1.03
260,female,no,no,17.972,1.5177,-1.03
260,female,no,no,16.972,2.4151001,-1.03
260,male,no,no,7.9720001,2.4151001,-1.03
260,male,yes,yes,.972,.9127,-1.03
260,female,no,no,17.972,1.5177,-1.03
261,female,no,yes,3.9719999,1.1404999,-.71600002
261,female,yes,no,8.9720001,2.4151001,-.71600002
261,female,yes,no,7.9720001,2.4151001,-.71600002
261,male,yes,yes,10.972,.56099999,-.71600002
261,male,yes,no,42.972,.9127,-.71600002
261,female,yes,no,7.9720001,.56099999,-.71600002
261,female,no,no,7.9720001,.9127,-.71600002
262,male,no,no,4.9720001,.73500001,-.55900002
262,male,no,no,9.9720001,.029300001,-.55900002
262,female,no,no,8.9720001,-.36000001,-.55900002
262,male,yes,yes,-1.028,-1.3276,-.55900002
262,male,no,no,-.028000001,-.36000001,-.55900002
262,female,yes,no,2.9719999,.029300001,-.55900002
262,male,yes,yes,6.9720001,.73500001,-.55900002
263,male,no,yes,5.9720001,.56099999,-.73500001
263,female,yes,yes,5.9720001,.9127,-.73500001
263,male,no,no,16.972,.73500001,-.73500001
263,male,yes,no,13.972,.26409999,-.73500001
263,male,no,yes,10.972,2.4151001,-.73500001
263,female,no,no,4.9720001,1.1404999,-.73500001
263,female,yes,no,1.972,.26409999,-.73500001
263,female,no,no,-3.0280001,.3917,-.73500001
263,male,no,no,.972,.3917,-.73500001
263,female,no,yes,4.9720001,.3917,-.73500001
263,female,yes,no,5.9720001,1.1404999,-.73500001
263,male,yes,yes,6.9720001,1.5177,-.73500001
263,male,yes,no,16.972,1.5177,-.73500001
263,female,yes,yes,11.972,1.5177,-.73500001
263,male,no,no,-1.028,.1582,-.73500001
263,male,no,no,-7.0279999,-.36000001,-.73500001
264,female,no,yes,12.972,.26409999,-.70599997
264,female,yes,no,-9.0279999,-1.3276,-.70599997
264,male,no,no,4.9720001,1.1404999,-.70599997
264,female,yes,yes,-5.0279999,.56099999,-.70599997
264,female,yes,yes,17.972,1.5177,-.70599997
264,male,yes,no,5.9720001,1.1404999,-.70599997
264,male,yes,yes,-.028000001,.73500001,-.70599997
265,female,yes,yes,12.972,1.5177,-.93099999
265,male,yes,yes,12.972,.73500001,-.93099999
265,female,no,yes,10.972,1.1404999,-.93099999
265,female,yes,yes,9.9720001,.3917,-.93099999
265,female,yes,no,-4.0279999,.26409999,-.93099999
265,female,yes,yes,4.9720001,.9127,-.93099999
265,male,no,yes,-8.0279999,-.36000001,-.93099999
265,male,no,no,-2.0280001,.73500001,-.93099999
266,female,no,no,2.9719999,.73500001,-.84799999
266,female,yes,no,1.972,.73500001,-.84799999
266,male,yes,yes,15.972,1.1404999,-.84799999
266,male,no,no,-1.028,.3917,-.84799999
266,male,no,no,-12.028,-.13249999,-.84799999
266,male,no,no,-2.0280001,.1582,-.84799999
266,male,yes,yes,-11.028,-.5812,-.84799999
267,male,no,no,12.972,.9127,-.68199998
267,female,no,no,3.9719999,.26409999,-.68199998
267,male,no,no,7.9720001,.3917,-.68199998
267,female,no,no,5.9720001,2.4151001,-.68199998
267,female,yes,yes,-.028000001,.9127,-.68199998
267,female,yes,no,25.972,1.5177,-.68199998
288,male,yes,yes,7.9720001,.3917,-.67699999
288,male,no,no,.972,.3917,-.67699999
288,male,yes,yes,4.9720001,.3917,-.67699999
288,female,no,no,28.972,2.4151001,-.67699999
288,male,no,yes,-5.0279999,-.36000001,-.67699999
288,male,no,no,9.9720001,1.1404999,-.67699999
290,female,no,no,1.972,-1.3276,-.43700001
293,male,no,yes,9.9720001,.9127,-.44299999
293,female,no,yes,-8.0279999,.1582,-.44299999
295,female,yes,no,.972,1.1404999,-.77999997
295,female,yes,yes,19.972,1.5177,-.77999997
295,male,yes,no,15.972,1.1404999,-.77999997
295,female,no,yes,29.972,2.4151001,-.77999997
295,female,no,no,35.972,1.1404999,-.77999997
296,female,no,yes,.972,.029300001,-.55000001
296,female,yes,yes,14.972,2.4151001,-.55000001
296,female,no,no,12.972,.1582,-.55000001
297,female,no,no,19.972,2.4151001,-.77899998
297,female,no,no,27.972,2.4151001,-.77899998
297,female,no,no,-.028000001,.029300001,-.77899998
297,female,no,no,3.9719999,-.5812,-.77899998
298,female,yes,yes,26.972,.3917,-.69599998
298,male,yes,no,-3.0280001,-.5812,-.69599998
298,female,yes,no,2.9719999,.3917,-.69599998
298,female,yes,yes,-3.0280001,.56099999,-.69599998
298,male,yes,no,3.9719999,.73500001,-.69599998
298,male,no,no,6.9720001,.1582,-.69599998
298,male,yes,yes,.972,-.36000001,-.69599998
298,female,yes,yes,15.972,2.4151001,-.69599998
298,female,no,no,-.028000001,.9127,-.69599998
299,female,no,yes,-1.028,.73500001,-.78899997
299,female,no,no,11.972,1.1404999,-.78899997
299,male,yes,no,4.9720001,.73500001,-.78899997
299,female,yes,yes,11.972,1.1404999,-.78899997
299,female,no,no,8.9720001,-.36000001,-.78899997
299,male,yes,yes,7.9720001,.56099999,-.78899997
299,male,yes,no,10.972,2.4151001,-.78899997
299,female,no,no,9.9720001,-.36000001,-.78899997
300,male,yes,yes,2.9719999,.3917,-.82499999
300,female,yes,no,9.9720001,.56099999,-.82499999
300,male,yes,yes,2.9719999,1.1404999,-.82499999
301,male,yes,yes,16.972,1.5177,-.96499997
314,female,no,yes,7.9720001,1.5177,-.31
314,male,no,no,-7.0279999,-1.3276,-.31
314,male,no,no,28.972,2.4151001,-.31
314,male,no,no,11.972,.3917,-.31
315,male,no,no,-7.0279999,-.36000001,-.092
315,male,no,no,-9.0279999,-1.3276,-.092
315,male,no,no,20.972,1.5177,-.092
317,female,no,no,2.9719999,-.5812,-.66900003
317,female,yes,yes,7.9720001,.1582,-.66900003
318,male,no,yes,-4.0279999,-1.3276,.352
318,female,no,no,1.972,-.36000001,.352
318,male,no,no,-6.0279999,-.13249999,.352
318,female,no,no,-8.0279999,-1.3276,.352
318,male,no,no,12.972,-.36000001,.352
318,female,no,no,-3.0280001,-.36000001,.352
318,female,no,no,9.9720001,.029300001,.352
318,female,yes,yes,-9.0279999,.029300001,.352
319,female,yes,yes,12.972,1.5177,-.574
344,female,no,no,-2.0280001,.029300001,.257
344,male,no,no,10.972,-.36000001,.257
345,female,no,no,-3.0280001,-.36000001,-.078000002
346,male,no,no,.972,.1582,-.141
346,female,no,no,-7.0279999,.56099999,-.141
347,male,yes,yes,12.972,1.5177,-.259
347,female,no,yes,8.9720001,.9127,-.259
347,female,no,no,-8.0279999,-1.3276,-.259
347,female,no,yes,-3.0280001,-.13249999,-.259
348,male,no,no,-8.0279999,-.5812,.18700001
348,male,yes,yes,40.972,2.4151001,.18700001
348,male,no,no,-17.028,-1.3276,.18700001
348,male,no,no,-.028000001,2.4151001,.18700001
348,female,no,no,-3.0280001,-1.3276,.18700001
348,male,no,no,.972,.029300001,.18700001
348,male,no,no,-17.028,-1.3276,.18700001
348,male,no,no,15.972,.56099999,.18700001
349,male,yes,yes,16.972,.73500001,-.236
349,female,no,no,1.972,.9127,-.236
349,female,no,no,-10.028,-1.3276,-.236
349,female,no,no,-11.028,.3917,-.236
350,female,no,no,-16.028,-1.3276,-.185
350,male,no,no,-4.0279999,.73500001,-.185
351,female,no,no,-1.028,1.1404999,.124
351,female,no,no,6.9720001,.1582,.124
351,female,no,no,-10.028,-.36000001,.124
351,female,yes,yes,-6.0279999,.56099999,.124
351,male,yes,yes,-4.0279999,.029300001,.124
351,male,no,yes,-.028000001,.029300001,.124
351,female,no,yes,21.972,1.5177,.124
351,male,no,no,-10.028,-1.3276,.124
351,male,no,no,-6.0279999,-.36000001,.124
353,male,yes,no,-.028000001,1.1404999,-1.082
382,female,no,yes,4.9720001,2.4151001,-.94400001
382,male,no,no,-6.0279999,-1.3276,-.94400001
382,female,yes,yes,8.9720001,1.5177,-.94400001
382,male,no,yes,.972,.3917,-.94400001
382,male,no,no,-4.0279999,.9127,-.94400001
382,male,no,no,2.9719999,.029300001,-.94400001
382,male,no,no,8.9720001,.26409999,-.94400001
383,female,no,no,8.9720001,-.36000001,.84200001
383,male,no,no,.972,.26409999,.84200001
383,female,no,yes,17.972,1.5177,.84200001
383,male,yes,yes,6.9720001,-.5812,.84200001
384,female,no,no,-2.0280001,-.36000001,-.375
384,male,yes,yes,-11.028,-1.3276,-.375
387,male,no,yes,4.9720001,1.1404999,-.537
388,male,yes,yes,34.972,2.4151001,-.64499998
388,male,no,no,21.972,.1582,-.64499998
388,male,no,yes,-14.028,.56099999,-.64499998
388,female,no,yes,-.028000001,-.5812,-.64499998
389,female,yes,yes,1.972,.9127,-.242
389,female,no,no,10.972,2.4151001,-.242
389,female,yes,no,.972,.9127,-.242
389,female,no,yes,-4.0279999,-.13249999,-.242
389,female,no,no,1.972,-.13249999,-.242
389,male,no,no,-1.028,-1.3276,-.242
389,female,no,no,-7.0279999,.3917,-.242
391,male,yes,no,-13.028,-1.3276,-.139
391,male,yes,yes,21.972,1.5177,-.139
391,female,yes,yes,10.972,2.4151001,-.139
391,male,no,no,-2.0280001,.56099999,-.139
391,male,no,yes,4.9720001,2.4151001,-.139
391,female,no,no,9.9720001,.3917,-.139
391,male,no,no,-.028000001,.56099999,-.139
391,male,no,yes,10.972,1.5177,-.139
392,male,no,no,.972,.26409999,-.198
392,female,no,no,-10.028,.56099999,-.198
392,female,no,no,9.9720001,.56099999,-.198
392,male,no,no,-16.028,-.36000001,-.198
394,male,no,no,2.9719999,-.13249999,-.338
394,female,no,no,4.9720001,.1582,-.338
394,female,no,no,-18.028,-1.3276,-.338
395,male,no,no,-8.0279999,.73500001,-.79900002
396,male,no,no,6.9720001,.56099999,.88099998
396,female,no,yes,8.9720001,.3917,.88099998
397,male,no,no,-12.028,-.36000001,.57300001
398,male,no,no,-.028000001,.73500001,.59500003
398,male,no,no,-3.0280001,.1582,.59500003
398,male,yes,yes,-10.028,-.5812,.59500003
398,male,no,yes,-5.0279999,-.5812,.59500003
399,male,no,no,-3.0280001,.029300001,.40700001
400,female,yes,yes,7.9720001,1.5177,-.138
400,male,no,no,-4.0279999,.26409999,-.138
400,male,no,no,1.972,.26409999,-.138
401,male,no,yes,13.972,.1582,.23800001
401,male,no,no,3.9719999,.9127,.23800001
401,male,no,yes,12.972,.3917,.23800001
402,male,no,no,6.9720001,.3917,-.51700002
402,male,no,yes,13.972,.3917,-.51700002
402,female,no,no,-8.0279999,-.5812,-.51700002
403,female,no,yes,10.972,2.4151001,-.43000001
403,female,no,yes,-.028000001,.1582,-.43000001
403,male,no,no,2.9719999,.73500001,-.43000001
403,female,no,no,-23.028,-1.3276,-.43000001
403,male,no,no,-12.028,-1.3276,-.43000001
403,male,yes,yes,-5.0279999,-.36000001,-.43000001
404,female,yes,no,11.972,2.4151001,-.23
404,female,no,no,-5.0279999,.1582,-.23
405,male,no,no,-2.0280001,-1.3276,.61500001
405,female,no,no,-11.028,.56099999,.61500001
413,female,no,no,-25.028,-1.3276,1.209
413,female,no,yes,11.972,.73500001,1.209
413,female,yes,yes,-5.0279999,-.36000001,1.209
414,male,no,no,-1.028,-.13249999,.31799999
414,male,no,yes,3.9719999,.3917,.31799999
416,male,no,no,-3.0280001,-1.3276,.24600001
417,male,no,no,-1.028,-.13249999,.103
417,female,no,no,-4.0279999,.1582,.103
417,female,no,no,-17.028,-1.3276,.103
418,female,yes,yes,15.972,.9127,1.7589999
418,female,no,no,-.028000001,-.5812,1.7589999
418,male,no,no,-11.028,-1.3276,1.7589999
419,male,no,no,-6.0279999,-1.3276,2.1789999
419,female,no,no,-2.0280001,-.5812,2.1789999
420,female,no,no,-14.028,-.36000001,.107
420,male,no,no,-.028000001,.56099999,.107
420,female,no,no,15.972,.029300001,.107
422,female,yes,yes,16.972,.9127,-.463
424,female,no,no,12.972,.26409999,-.352
424,female,yes,yes,-7.0279999,.1582,-.352
424,male,no,no,6.9720001,.1582,-.352
425,male,no,yes,-25.028,-.36000001,-.45100001
425,male,no,yes,5.9720001,.029300001,-.45100001
426,male,no,no,5.9720001,.9127,-.72500002
426,male,yes,yes,30.972,1.5177,-.72500002
426,female,no,no,1.972,-.36000001,-.72500002
427,male,no,no,15.972,.9127,-.447
427,female,no,no,10.972,.73500001,-.447
427,female,no,no,9.9720001,.1582,-.447
427,female,no,no,6.9720001,.56099999,-.447
427,male,no,no,8.9720001,.3917,-.447
427,male,yes,yes,-12.028,.029300001,-.447
428,female,yes,yes,13.972,1.5177,-.37599999
428,female,yes,yes,18.972,1.5177,-.37599999
428,female,yes,no,13.972,1.5177,-.37599999
428,male,yes,yes,11.972,1.1404999,-.37599999
428,female,yes,yes,18.972,1.1404999,-.37599999
428,female,no,yes,17.972,1.5177,-.37599999
428,female,no,yes,15.972,1.1404999,-.37599999
429,female,no,no,1.972,.029300001,-.255
429,female,no,no,-19.028,-.36000001,-.255
430,female,yes,yes,-6.0279999,1.1404999,-.252
431,female,no,no,2.9719999,-.36000001,-.204
431,female,no,yes,-.028000001,-.5812,-.204
431,male,no,no,18.972,.26409999,-.204
431,male,no,no,-.028000001,.56099999,-.204
432,male,yes,yes,12.972,1.1404999,-.17900001
432,female,no,no,1.972,-.36000001,-.17900001
434,female,no,yes,15.972,1.5177,-.62099999
434,male,no,no,7.9720001,1.5177,-.62099999
435,female,yes,no,.972,.73500001,-.36000001
436,female,no,no,.972,-1.3276,.59299999
436,female,no,yes,-12.028,-.36000001,.59299999
437,male,yes,yes,-25.028,-1.3276,.74400002
437,female,no,no,-16.028,-1.3276,.74400002
437,male,no,no,-9.0279999,.029300001,.74400002
437,male,yes,yes,-5.0279999,-1.3276,.74400002
437,male,no,no,-27.028,-1.3276,.74400002
437,male,no,no,-16.028,-1.3276,.74400002
437,male,yes,yes,-25.028,-1.3276,.74400002
437,female,no,no,-.028000001,-1.3276,.74400002
438,female,no,no,-5.0279999,-.5812,.523
438,male,yes,yes,-7.0279999,-1.3276,.523
438,male,no,no,9.9720001,1.5177,.523
439,female,no,no,-3.0280001,-.13249999,1.104
439,female,no,no,-12.028,-1.3276,1.104
439,female,no,no,-7.0279999,-.36000001,1.104
439,female,no,no,-9.0279999,-1.3276,1.104
439,female,no,no,-24.028,-1.3276,1.104
439,female,no,no,-20.028,-1.3276,1.104
439,male,no,no,-.028000001,.1582,1.104
439,male,no,no,5.9720001,.029300001,1.104
440,male,yes,yes,10.972,.73500001,.18700001
440,female,no,no,-13.028,-1.3276,.18700001
441,female,no,no,-3.0280001,.1582,-.40400001
441,male,no,no,-8.0279999,-1.3276,-.40400001
442,male,yes,no,4.9720001,.9127,.61799997
442,female,no,no,10.972,-.36000001,.61799997
442,female,no,no,-6.0279999,-1.3276,.61799997
444,male,yes,yes,-13.028,-1.3276,.97500002
446,female,no,no,-18.028,-.36000001,-.07
447,male,no,no,-22.028,-1.3276,-.76300001
447,male,no,no,-2.0280001,.56099999,-.76300001
447,male,no,no,-5.0279999,.029300001,-.76300001
447,female,no,no,3.9719999,1.1404999,-.76300001
447,male,no,no,10.972,.029300001,-.76300001
449,female,no,no,-3.0280001,1.5177,-.211
449,female,yes,no,2.9719999,.73500001,-.211
449,male,yes,no,15.972,.9127,-.211
450,female,no,no,3.9719999,-.36000001,-.208
451,male,no,no,-15.028,-1.3276,.49200001
451,male,no,no,-11.028,.029300001,.49200001
451,male,no,yes,-20.028,-1.3276,.49200001
451,female,no,no,-8.0279999,-.36000001,.49200001
451,female,no,no,-1.028,.56099999,.49200001
452,female,no,no,4.9720001,2.4151001,-.028000001
452,female,no,no,-10.028,.73500001,-.028000001
453,male,no,yes,1.972,-1.3276,-.27000001
453,female,yes,yes,-14.028,-1.3276,-.27000001
453,male,no,no,-22.028,-1.3276,-.27000001
454,male,no,no,.972,.3917,1.044
454,female,no,no,5.9720001,.56099999,1.044
454,female,no,no,2.9719999,.9127,1.044
454,female,no,no,-5.0279999,-.5812,1.044
454,male,no,no,-9.0279999,-1.3276,1.044
454,male,no,no,14.972,1.5177,1.044
454,male,no,no,-12.028,-1.3276,1.044
454,male,no,no,-3.0280001,.029300001,1.044
454,male,no,no,-22.028,-1.3276,1.044
456,male,no,no,14.972,.56099999,-.796
456,female,yes,no,1.972,1.5177,-.796
456,female,no,no,17.972,1.5177,-.796
456,male,no,no,-4.0279999,.73500001,-.796
456,male,no,no,-7.0279999,.1582,-.796
456,female,no,no,-7.0279999,.9127,-.796
457,female,no,no,-7.0279999,-.36000001,.071000002
458,female,no,no,-1.028,-1.3276,-.175
458,male,no,no,-15.028,-1.3276,-.175
458,female,no,no,-10.028,-1.3276,-.175
458,female,no,no,-8.0279999,-1.3276,-.175
458,male,yes,yes,-9.0279999,.029300001,-.175
459,male,yes,no,-8.0279999,.1582,-.46599999
459,female,yes,no,-10.028,.56099999,-.46599999
459,female,no,no,-13.028,-.13249999,-.46599999
460,female,no,no,-4.0279999,.029300001,-.20100001
460,female,no,no,.972,.73500001,-.20100001
460,male,no,no,.972,-.36000001,-.20100001
461,male,no,no,-7.0279999,-.5812,.84100002
461,female,no,no,-14.028,-.13249999,.84100002
461,male,no,no,8.9720001,.56099999,.84100002
461,male,no,yes,-7.0279999,-1.3276,.84100002
461,female,no,no,-10.028,-.36000001,.84100002
461,male,no,no,-4.0279999,.1582,.84100002
462,male,no,no,18.972,1.5177,-.39500001
463,male,no,yes,8.9720001,-.5812,-.301
464,female,no,no,1.972,-.5812,-.38600001
464,male,no,no,3.9719999,-.36000001,-.38600001
465,female,no,no,6.9720001,1.1404999,-.44999999
465,female,no,no,-7.0279999,-.36000001,-.44999999
465,male,no,no,10.972,1.1404999,-.44999999
465,male,no,no,13.972,.1582,-.44999999
465,male,no,no,-1.028,.26409999,-.44999999
465,male,no,no,-10.028,-.36000001,-.44999999
465,male,no,no,5.9720001,-1.3276,-.44999999
465,female,no,yes,-20.028,-.36000001,-.44999999
465,male,no,no,-1.028,-.5812,-.44999999
465,male,no,no,-6.0279999,-.5812,-.44999999
465,male,yes,yes,-7.0279999,-.36000001,-.44999999
466,female,no,no,-2.0280001,-.36000001,1.0779999
466,female,yes,no,12.972,1.1404999,1.0779999
466,male,no,yes,-5.0279999,-1.3276,1.0779999
466,male,no,no,-10.028,-1.3276,1.0779999
466,male,no,no,-27.028,-1.3276,1.0779999
466,female,no,no,-1.028,2.4151001,1.0779999
467,male,no,no,-27.028,-1.3276,1.1849999
467,female,no,no,-15.028,-1.3276,1.1849999
467,female,yes,no,-15.028,-.13249999,1.1849999
468,male,no,no,-16.028,-1.3276,1.258
468,male,no,no,-12.028,-1.3276,1.258
468,male,no,no,5.9720001,.3917,1.258
469,female,yes,yes,-.028000001,1.5177,2.007
469,female,no,no,-8.0279999,-1.3276,2.007
469,male,no,no,-7.0279999,-.5812,2.007
470,male,no,no,-9.0279999,-.13249999,-.333
470,female,no,no,-10.028,-.13249999,-.333
471,female,no,no,-3.0280001,-.36000001,-.048
471,male,yes,yes,14.972,.9127,-.048
471,male,no,no,-13.028,-1.3276,-.048
471,male,yes,no,-5.0279999,.26409999,-.048
472,male,no,no,-16.028,-.36000001,-.47999999
472,female,no,no,5.9720001,1.1404999,-.47999999
472,female,no,no,12.972,1.5177,-.47999999
472,female,no,no,5.9720001,.3917,-.47999999
491,female,yes,yes,13.972,1.5177,-.405
491,female,yes,no,7.9720001,1.5177,-.405
491,female,no,no,14.972,1.1404999,-.405
491,male,no,no,7.9720001,1.1404999,-.405
492,female,no,no,1.972,-.36000001,-.71899998
492,female,yes,yes,20.972,2.4151001,-.71899998
492,male,no,no,-2.0280001,.73500001,-.71899998
493,female,yes,yes,11.972,2.4151001,-.62199998
493,female,no,yes,-5.0279999,-.13249999,-.62199998
493,male,yes,yes,21.972,1.5177,-.62199998
493,female,yes,yes,6.9720001,-.13249999,-.62199998
493,male,no,yes,5.9720001,-1.3276,-.62199998
494,male,no,no,17.972,.3917,-.50999999
494,male,no,no,2.9719999,.1582,-.50999999
494,male,no,no,3.9719999,1.1404999,-.50999999
496,male,yes,no,16.972,1.1404999,.99699998
496,female,no,no,11.972,.9127,.99699998
496,male,yes,yes,12.972,1.1404999,.99699998
496,female,no,no,8.9720001,.3917,.99699998
497,female,no,no,-12.028,-1.3276,.91600001
497,female,yes,no,-9.0279999,-1.3276,.91600001
497,male,no,yes,.972,1.1404999,.91600001
497,female,no,no,9.9720001,.56099999,.91600001
497,male,no,no,9.9720001,-.5812,.91600001
497,female,no,no,-11.028,-1.3276,.91600001
498,male,no,yes,-27.028,-1.3276,-.32300001
498,female,yes,yes,28.972,1.5177,-.32300001
498,male,no,no,-3.0280001,.26409999,-.32300001
498,male,no,no,4.9720001,2.4151001,-.32300001
498,male,no,no,7.9720001,-.5812,-.32300001
498,female,yes,yes,13.972,.3917,-.32300001
499,male,no,no,-2.0280001,.56099999,-.38299999
499,female,no,yes,-4.0279999,-.13249999,-.38299999
502,male,no,no,-4.0279999,1.5177,-.52100003
503,male,no,yes,12.972,.9127,-.42199999
503,female,yes,yes,16.972,2.4151001,-.42199999
503,female,no,no,16.972,1.5177,-.42199999
503,female,no,no,-1.028,-1.3276,-.42199999
503,male,no,no,8.9720001,-.36000001,-.42199999
503,female,yes,yes,8.9720001,2.4151001,-.42199999
504,female,no,no,-1.028,-.36000001,-.57300001
506,female,no,no,-27.028,-1.3276,2.4189999
506,male,no,no,9.9720001,.73500001,2.4189999
507,female,yes,yes,-4.0279999,.73500001,2.9590001
507,female,no,yes,-11.028,.029300001,2.9590001
507,male,yes,yes,-5.0279999,1.1404999,2.9590001
507,female,no,no,-15.028,-1.3276,2.9590001
507,female,no,no,-19.028,-1.3276,2.9590001
507,female,no,no,-4.0279999,-.5812,2.9590001
508,male,no,no,-14.028,-1.3276,.833
508,male,no,no,-8.0279999,-1.3276,.833
508,female,no,no,-9.0279999,-.36000001,.833
508,female,no,yes,5.9720001,.73500001,.833
508,male,yes,no,16.972,.3917,.833
509,female,yes,no,10.972,.73500001,.66100001
509,female,no,no,-1.028,-.13249999,.66100001
509,female,no,no,6.9720001,1.5177,.66100001
509,male,no,no,-15.028,-1.3276,.66100001
509,male,no,yes,.972,-.13249999,.66100001
510,male,no,no,-.028000001,-1.3276,.25600001
510,male,no,no,.972,-.36000001,.25600001
510,female,no,no,-4.0279999,.56099999,.25600001
510,female,no,no,-4.0279999,-.36000001,.25600001
511,female,no,no,-3.0280001,-.13249999,.30399999
511,male,no,no,1.972,.73500001,.30399999
511,male,no,no,9.9720001,.73500001,.30399999
511,female,yes,no,-4.0279999,1.1404999,.30399999
511,male,no,no,-8.0279999,-.36000001,.30399999
512,male,no,no,-3.0280001,.26409999,-.155
512,male,no,yes,-8.0279999,.029300001,-.155
513,male,no,no,-27.028,-.36000001,-.493
515,female,no,no,4.9720001,.029300001,-.336
515,male,no,no,-7.0279999,-1.3276,-.336
517,female,no,no,-.028000001,-.36000001,-.185
517,female,no,no,-5.0279999,-.36000001,-.185
517,male,no,no,-1.028,.1582,-.185
517,male,no,no,26.972,1.1404999,-.185
517,male,no,no,3.9719999,-.36000001,-.185
517,male,no,no,-8.0279999,-1.3276,-.185
517,female,no,no,-1.028,-1.3276,-.185
518,female,no,no,-13.028,-1.3276,-.20100001
518,female,yes,yes,6.9720001,.029300001,-.20100001
518,male,yes,yes,11.972,.56099999,-.20100001
519,female,no,yes,13.972,1.1404999,-.82499999
519,female,no,yes,8.9720001,.73500001,-.82499999
519,female,no,no,15.972,1.5177,-.82499999
519,female,yes,yes,4.9720001,.56099999,-.82499999
519,female,no,no,1.972,.029300001,-.82499999
519,male,no,no,16.972,1.5177,-.82499999
519,female,no,yes,1.972,.1582,-.82499999
519,male,yes,yes,1.972,1.5177,-.82499999
520,female,yes,yes,-4.0279999,.9127,-.70099998
520,male,no,no,6.9720001,1.1404999,-.70099998
520,female,yes,no,6.9720001,.9127,-.70099998
520,male,no,no,11.972,2.4151001,-.70099998
520,female,yes,no,.972,1.5177,-.70099998
524,male,no,no,-1.028,-1.3276,-.72600001
525,female,no,no,-9.0279999,-1.3276,-.98299998
525,male,yes,yes,11.972,.3917,-.98299998
526,female,no,no,1.972,.56099999,-.76499999
526,male,yes,yes,3.9719999,.9127,-.76499999
526,female,no,no,19.972,2.4151001,-.76499999
526,male,yes,yes,16.972,2.4151001,-.76499999
526,male,no,yes,-.028000001,1.5177,-.76499999
526,female,no,no,-8.0279999,-1.3276,-.76499999
527,female,no,no,-9.0279999,-1.3276,.026000001
527,male,no,no,-16.028,-1.3276,.026000001
528,female,no,no,-6.0279999,-.13249999,.63999999
528,male,yes,yes,6.9720001,.56099999,.63999999
528,female,no,no,-7.0279999,-1.3276,.63999999
528,female,no,no,-11.028,-.36000001,.63999999
528,female,no,no,.972,-1.3276,.63999999
529,female,no,no,.972,-.36000001,-.003
529,male,no,no,-3.0280001,-.13249999,-.003
529,male,no,no,-2.0280001,-.5812,-.003
529,male,no,no,-.028000001,-.13249999,-.003
529,female,yes,no,-10.028,-1.3276,-.003
529,female,no,no,-18.028,-1.3276,-.003
530,female,no,no,-9.0279999,-1.3276,-.023
530,male,no,no,6.9720001,-.13249999,-.023
530,female,no,no,-17.028,-1.3276,-.023
530,female,no,no,-10.028,-.36000001,-.023
530,male,no,no,-13.028,-1.3276,-.023
531,male,no,no,-1.028,.029300001,.126
531,female,no,no,-4.0279999,-1.3276,.126
531,male,no,no,-2.0280001,-1.3276,.126
532,female,no,no,-4.0279999,1.1404999,.19
532,male,yes,yes,-2.0280001,2.4151001,.19
533,female,yes,yes,-8.0279999,.56099999,.347
533,female,no,no,8.9720001,.73500001,.347
534,female,no,no,-10.028,.26409999,.292
534,female,no,no,.972,.1582,.292
534,female,no,no,-3.0280001,-1.3276,.292
534,male,no,no,-7.0279999,-1.3276,.292
535,male,no,no,1.972,.26409999,.77100003
535,female,no,no,-2.0280001,.56099999,.77100003
535,female,no,no,2.9719999,-.5812,.77100003
535,female,no,no,1.972,-.13249999,.77100003
535,female,no,no,-11.028,-1.3276,.77100003
535,female,no,no,2.9719999,-.5812,.77100003
535,female,no,no,20.972,.9127,.77100003
535,male,no,no,-11.028,-1.3276,.77100003
535,male,no,no,-14.028,-1.3276,.77100003
536,female,no,no,5.9720001,.73500001,.71499997
536,male,yes,yes,-4.0279999,.029300001,.71499997
536,male,yes,no,-7.0279999,.56099999,.71499997
537,female,yes,no,-3.0280001,.73500001,.25299999
537,male,no,no,-10.028,-.13249999,.25299999
537,female,no,no,.972,.029300001,.25299999
537,male,no,no,-6.0279999,-1.3276,.25299999
537,male,no,yes,2.9719999,-1.3276,.25299999
537,female,no,no,8.9720001,.56099999,.25299999
537,male,no,no,5.9720001,-1.3276,.25299999
537,male,no,no,27.972,1.5177,.25299999
538,male,no,no,13.972,.73500001,.486
538,female,no,no,-1.028,.1582,.486
539,female,no,yes,5.9720001,.3917,.34799999
539,male,no,no,3.9719999,.3917,.34799999
539,female,no,no,5.9720001,2.4151001,.34799999
539,male,no,no,-22.028,-1.3276,.34799999
539,female,no,no,-7.0279999,-.5812,.34799999
540,female,no,no,-.028000001,.029300001,1.007
540,female,no,no,-12.028,-1.3276,1.007
540,female,no,no,-7.0279999,-1.3276,1.007
540,male,no,no,-3.0280001,.029300001,1.007
540,female,no,no,5.9720001,-.36000001,1.007
541,male,no,no,3.9719999,-.13249999,.048
541,female,no,yes,4.9720001,.029300001,.048
541,male,no,no,-13.028,-1.3276,.048
541,male,no,no,-.028000001,-1.3276,.048
541,female,no,no,-14.028,-.36000001,.048
541,female,no,no,-1.028,.029300001,.048
541,male,no,no,1.972,.1582,.048
541,male,no,no,.972,-.36000001,.048
542,male,no,no,-.028000001,1.5177,-.87900001
542,female,no,no,13.972,.56099999,-.87900001
542,male,no,no,-8.0279999,.26409999,-.87900001
542,female,no,no,6.9720001,1.5177,-.87900001
542,female,no,no,6.9720001,-.13249999,-.87900001
542,female,yes,yes,25.972,2.4151001,-.87900001
542,female,no,no,14.972,.9127,-.87900001
542,male,no,yes,12.972,.26409999,-.87900001
542,female,yes,yes,-4.0279999,1.1404999,-.87900001
542,female,yes,yes,-11.028,-.5812,-.87900001
542,female,yes,no,10.972,1.1404999,-.87900001
543,male,no,no,-2.0280001,-.36000001,-.67500001
543,female,yes,yes,5.9720001,.56099999,-.67500001
543,female,yes,yes,2.9719999,1.5177,-.67500001
543,female,yes,no,.972,-.13249999,-.67500001
543,male,no,yes,.972,-.36000001,-.67500001
543,male,no,no,9.9720001,1.5177,-.67500001
543,female,no,yes,11.972,2.4151001,-.67500001
543,male,yes,yes,-8.0279999,-.36000001,-.67500001
543,female,no,no,-6.0279999,-.13249999,-.67500001
543,male,yes,yes,1.972,.56099999,-.67500001
544,female,no,no,5.9720001,1.5177,-.87300003
544,male,yes,yes,7.9720001,2.4151001,-.87300003
544,female,no,no,4.9720001,1.1404999,-.87300003
544,male,no,no,-9.0279999,.3917,-.87300003
544,male,no,no,-9.0279999,-.13249999,-.87300003
544,female,no,no,18.972,1.5177,-.87300003
544,male,no,yes,10.972,.56099999,-.87300003
544,male,no,no,7.9720001,.9127,-.87300003
544,female,no,no,-.028000001,2.4151001,-.87300003
544,male,no,no,-1.028,.73500001,-.87300003
544,male,yes,no,2.9719999,.029300001,-.87300003
544,female,yes,no,10.972,1.1404999,-.87300003
544,male,no,no,23.972,.9127,-.87300003
544,male,no,no,13.972,.3917,-.87300003
545,female,no,no,-5.0279999,-.13249999,-.65499997
545,male,no,no,.972,2.4151001,-.65499997
545,female,no,no,1.972,.1582,-.65499997
545,female,no,no,9.9720001,.56099999,-.65499997
545,male,no,no,-5.0279999,-1.3276,-.65499997
545,female,no,no,4.9720001,1.1404999,-.65499997
545,female,no,no,-12.028,-.5812,-.65499997
545,female,yes,yes,5.9720001,.029300001,-.65499997
545,male,yes,no,7.9720001,.3917,-.65499997
546,female,yes,yes,31.972,2.4151001,-.88300002
546,female,yes,no,-.028000001,.73500001,-.88300002
546,female,yes,yes,8.9720001,.1582,-.88300002
546,female,yes,no,-4.0279999,2.4151001,-.88300002
546,female,no,yes,.972,.56099999,-.88300002
546,male,no,no,-1.028,-.36000001,-.88300002
547,female,yes,yes,20.972,1.5177,-.79299998
547,female,no,no,8.9720001,.56099999,-.79299998
547,male,no,yes,10.972,.3917,-.79299998
547,male,no,no,4.9720001,-.13249999,-.79299998
547,male,yes,no,11.972,.029300001,-.79299998
547,female,no,no,-5.0279999,.56099999,-.79299998
548,male,yes,no,22.972,2.4151001,-.62800002
548,male,no,no,3.9719999,1.5177,-.62800002
548,male,yes,yes,13.972,1.5177,-.62800002
548,male,yes,yes,13.972,2.4151001,-.62800002
548,female,no,no,-8.0279999,-1.3276,-.62800002
549,male,no,no,7.9720001,.9127,-.93199998
549,female,yes,no,4.9720001,.73500001,-.93199998
549,female,no,no,-12.028,.9127,-.93199998
549,female,yes,no,1.972,-.13249999,-.93199998
549,female,yes,yes,4.9720001,2.4151001,-.93199998
549,male,no,no,-17.028,.56099999,-.93199998
549,female,yes,yes,15.972,2.4151001,-.93199998
549,male,no,no,1.972,1.1404999,-.93199998
549,male,no,no,9.9720001,-.13249999,-.93199998
550,male,no,no,8.9720001,.3917,-.67900002
550,female,no,yes,17.972,.9127,-.67900002
550,male,yes,yes,8.9720001,2.4151001,-.67900002
550,female,no,yes,-11.028,-.36000001,-.67900002
550,male,yes,yes,10.972,1.5177,-.67900002
550,female,yes,yes,11.972,1.5177,-.67900002
551,female,no,no,19.972,.26409999,-.62900001
551,male,no,no,3.9719999,-1.3276,-.62900001
551,female,yes,yes,6.9720001,2.4151001,-.62900001
551,male,no,no,-20.028,-1.3276,-.62900001
552,female,no,no,.972,.1582,.39199999
552,female,no,no,-8.0279999,-1.3276,.39199999
553,male,no,yes,5.9720001,2.4151001,.043000001
553,male,no,yes,-7.0279999,-1.3276,.043000001
553,male,no,no,-1.028,-.13249999,.043000001
554,male,no,no,1.972,.26409999,.49900001
554,female,no,no,-2.0280001,1.5177,.49900001
554,male,yes,no,3.9719999,1.1404999,.49900001
554,female,no,no,10.972,.56099999,.49900001
555,male,no,no,-16.028,-1.3276,-.093999997
556,female,yes,no,5.9720001,.56099999,-.081
556,male,yes,no,9.9720001,1.1404999,-.081
556,female,no,no,17.972,.3917,-.081
557,female,yes,yes,-10.028,-1.3276,.34
557,male,yes,no,-8.0279999,-1.3276,.34
557,female,no,no,-24.028,-1.3276,.34
557,female,no,no,.972,.029300001,.34
557,male,no,no,-3.0280001,-.36000001,.34
558,male,no,no,-10.028,.029300001,.026000001
558,female,no,no,-7.0279999,-.36000001,.026000001
558,male,no,no,-5.0279999,.3917,.026000001
558,male,no,no,6.9720001,.029300001,.026000001
558,male,no,no,6.9720001,.73500001,.026000001
559,male,yes,yes,9.9720001,1.1404999,-.60399997
559,male,no,no,4.9720001,.73500001,-.60399997
559,female,no,no,-10.028,.029300001,-.60399997
559,male,no,no,6.9720001,1.1404999,-.60399997
559,male,yes,no,3.9719999,.9127,-.60399997
559,female,no,no,-.028000001,.029300001,-.60399997
559,female,no,yes,-5.0279999,.029300001,-.60399997
560,female,no,yes,-1.028,-.36000001,.067000002
560,male,no,no,10.972,.3917,.067000002
560,female,yes,yes,2.9719999,.56099999,.067000002
560,female,no,no,17.972,.56099999,.067000002
560,female,yes,yes,2.9719999,.26409999,.067000002
560,female,no,yes,7.9720001,.3917,.067000002
560,female,no,no,-3.0280001,.1582,.067000002
561,male,no,no,-1.028,-.36000001,-.55500001
561,female,yes,yes,-.028000001,.1582,-.55500001
561,female,no,no,1.972,-1.3276,-.55500001
561,female,no,no,-8.0279999,.56099999,-.55500001
561,male,no,no,5.9720001,1.5177,-.55500001
561,male,no,no,9.9720001,.26409999,-.55500001
561,male,no,no,8.9720001,.26409999,-.55500001
561,female,yes,no,9.9720001,.73500001,-.55500001
561,female,no,yes,10.972,.3917,-.55500001
562,female,no,no,10.972,.56099999,-.066
562,male,no,no,-5.0279999,-1.3276,-.066
562,male,no,no,11.972,.56099999,-.066
562,female,yes,no,-5.0279999,.73500001,-.066
562,male,no,no,-10.028,-1.3276,-.066
562,male,no,no,5.9720001,.56099999,-.066
562,male,no,no,-9.0279999,-.36000001,-.066
562,male,no,yes,22.972,1.5177,-.066
562,male,no,no,16.972,.73500001,-.066
562,female,no,no,-10.028,-1.3276,-.066
562,male,no,yes,5.9720001,2.4151001,-.066
562,male,no,no,10.972,.9127,-.066
562,female,no,no,4.9720001,-.36000001,-.066
563,male,no,no,-13.028,-1.3276,-.075999998
563,female,no,no,-4.0279999,.56099999,-.075999998
563,female,no,no,-8.0279999,-.13249999,-.075999998
563,female,yes,yes,23.972,1.5177,-.075999998
563,male,no,no,-12.028,-1.3276,-.075999998
564,male,no,no,3.9719999,1.5177,.0040000002
564,male,no,no,2.9719999,.3917,.0040000002
564,male,no,no,10.972,-1.3276,.0040000002
564,female,no,no,-.028000001,.1582,.0040000002
564,female,no,no,5.9720001,.73500001,.0040000002
565,female,yes,yes,-9.0279999,-.36000001,2.1860001
565,male,no,no,-17.028,-.36000001,2.1860001
565,female,yes,yes,-4.0279999,-.5812,2.1860001
565,male,yes,no,13.972,2.4151001,2.1860001
565,male,no,no,-17.028,-1.3276,2.1860001
565,male,no,no,-15.028,-1.3276,2.1860001
566,female,no,no,.972,.56099999,-.486
566,female,yes,yes,-2.0280001,.73500001,-.486
566,female,no,no,4.9720001,.029300001,-.486
566,male,no,yes,4.9720001,1.5177,-.486
567,male,no,no,-3.0280001,-1.3276,.17399999
567,female,no,no,1.972,-.36000001,.17399999
567,male,no,no,-1.028,-1.3276,.17399999
568,female,no,no,-1.028,-.13249999,-.023
568,male,yes,yes,-5.0279999,.56099999,-.023
568,female,no,no,-3.0280001,.73500001,-.023
568,male,no,no,-2.0280001,.26409999,-.023
569,male,yes,yes,15.972,.56099999,-.199
569,female,no,no,-1.028,-1.3276,-.199
569,male,no,no,-11.028,-.5812,-.199
569,female,no,no,2.9719999,.029300001,-.199
569,male,yes,no,7.9720001,-1.3276,-.199
569,female,no,no,-10.028,-1.3276,-.199
569,female,no,no,.972,-.36000001,-.199
569,female,no,no,10.972,-.13249999,-.199
569,female,no,no,-9.0279999,.029300001,-.199
570,male,no,no,-1.028,-.36000001,-.368
570,female,no,no,9.9720001,1.1404999,-.368
570,female,no,no,-.028000001,.73500001,-.368
570,female,yes,no,-5.0279999,.73500001,-.368
570,female,yes,yes,7.9720001,.9127,-.368
570,female,no,no,-6.0279999,-1.3276,-.368
571,female,no,yes,.972,-.13249999,.013
571,male,no,no,-10.028,-1.3276,.013
571,male,no,no,3.9719999,.1582,.013
571,female,no,no,-10.028,.26409999,.013
571,female,no,no,2.9719999,1.5177,.013
571,female,yes,yes,.972,.56099999,.013
571,female,no,no,8.9720001,1.5177,.013
571,male,no,no,-3.0280001,-1.3276,.013
571,female,no,no,5.9720001,.56099999,.013
571,male,no,no,-1.028,-.5812,.013
571,male,no,yes,-2.0280001,-1.3276,.013
572,female,no,no,.972,.26409999,-.227
572,female,no,no,-6.0279999,-1.3276,-.227
572,female,no,no,-16.028,-1.3276,-.227
572,male,no,no,-9.0279999,-1.3276,-.227
572,female,no,no,-2.0280001,.26409999,-.227
572,male,yes,yes,-8.0279999,-1.3276,-.227
572,female,no,no,-4.0279999,.73500001,-.227
572,male,no,no,2.9719999,-.36000001,-.227
573,female,yes,yes,20.972,.26409999,-.377
573,female,yes,yes,3.9719999,.9127,-.377
573,female,no,no,6.9720001,1.5177,-.377
573,female,yes,yes,7.9720001,.56099999,-.377
573,male,yes,no,12.972,2.4151001,-.377
573,male,no,no,-4.0279999,-1.3276,-.377
573,female,yes,no,15.972,.9127,-.377
573,female,no,no,-8.0279999,-.13249999,-.377
573,female,no,no,-10.028,-.36000001,-.377
573,female,no,no,2.9719999,.029300001,-.377
645,female,yes,yes,1.972,1.5177,.177
645,female,no,no,8.9720001,-.36000001,.177
645,male,no,no,-3.0280001,.3917,.177
645,male,no,no,-2.0280001,1.5177,.177
645,female,no,no,-.028000001,-.36000001,.177
646,female,no,no,3.9719999,.3917,.63200003
646,female,no,no,1.972,.26409999,.63200003
646,male,no,no,-9.0279999,-.36000001,.63200003
646,male,no,no,-17.028,-.36000001,.63200003
646,female,no,no,4.9720001,.9127,.63200003
646,female,no,no,-6.0279999,-.5812,.63200003
646,male,no,yes,1.972,.029300001,.63200003
647,female,no,no,-4.0279999,.73500001,.206
647,male,no,no,.972,-.13249999,.206
647,female,no,no,.972,-.13249999,.206
647,female,no,yes,-7.0279999,.26409999,.206
647,female,no,yes,-11.028,.56099999,.206
647,female,no,no,5.9720001,-1.3276,.206
647,female,no,no,13.972,2.4151001,.206
647,female,no,yes,-7.0279999,.9127,.206
647,male,no,no,-1.028,-1.3276,.206
647,female,no,no,-6.0279999,-.5812,.206
647,male,no,no,-7.0279999,-.36000001,.206
647,male,no,no,-.028000001,-.5812,.206
647,female,no,no,3.9719999,.56099999,.206
648,female,yes,yes,3.9719999,.56099999,.18799999
648,male,no,no,-10.028,-1.3276,.18799999
648,male,no,yes,-11.028,-1.3276,.18799999
648,female,no,no,-4.0279999,-.36000001,.18799999
648,female,no,no,-7.0279999,-1.3276,.18799999
648,male,no,no,5.9720001,.3917,.18799999
648,female,no,no,-2.0280001,-.13249999,.18799999
648,male,no,no,-9.0279999,-1.3276,.18799999
648,female,no,no,-5.0279999,.56099999,.18799999
650,male,no,no,-6.0279999,-1.3276,.53399998
650,male,no,no,-11.028,-1.3276,.53399998
650,female,no,no,-11.028,-.36000001,.53399998
650,male,no,no,3.9719999,.73500001,.53399998
650,male,no,no,-5.0279999,-.13249999,.53399998
651,male,no,no,8.9720001,.9127,.118
651,female,yes,yes,10.972,.56099999,.118
651,female,yes,yes,-12.028,-1.3276,.118
652,female,no,no,-6.0279999,.3917,-.315
652,female,no,no,-4.0279999,.029300001,-.315
652,female,no,no,12.972,1.1404999,-.315
652,female,yes,no,-7.0279999,.56099999,-.315
652,female,no,yes,3.9719999,-1.3276,-.315
652,male,no,no,-10.028,-.36000001,-.315
652,female,yes,yes,7.9720001,.73500001,-.315
652,male,yes,yes,12.972,2.4151001,-.315
652,female,no,yes,12.972,.26409999,-.315
652,female,no,no,3.9719999,.56099999,-.315
652,female,no,yes,-4.0279999,-.36000001,-.315
653,female,no,no,10.972,.56099999,-.486
653,female,no,no,-16.028,.029300001,-.486
653,male,yes,yes,8.9720001,1.5177,-.486
654,male,no,no,-1.028,.26409999,-.171
654,female,no,no,21.972,.26409999,-.171
654,female,no,no,-11.028,-.36000001,-.171
654,male,no,no,-27.028,-1.3276,-.171
654,male,yes,no,6.9720001,-1.3276,-.171
654,female,no,yes,35.972,2.4151001,-.171
654,female,no,no,-7.0279999,.1582,-.171
654,female,no,no,.972,-.13249999,-.171
654,female,no,no,-6.0279999,.029300001,-.171
654,female,no,no,5.9720001,1.1404999,-.171
655,female,yes,no,-.028000001,.9127,-.081
655,female,no,no,4.9720001,-.13249999,-.081
655,female,no,no,-.028000001,1.1404999,-.081
655,female,no,no,-2.0280001,-.13249999,-.081
656,male,no,no,-.028000001,.73500001,.079000004
656,male,no,yes,10.972,.73500001,.079000004
656,female,no,yes,10.972,-1.3276,.079000004
656,male,no,no,-5.0279999,-.13249999,.079000004
656,female,yes,no,-22.028,-1.3276,.079000004
656,female,no,no,-9.0279999,-.36000001,.079000004
656,female,no,no,-7.0279999,-.36000001,.079000004
656,male,yes,no,-8.0279999,-.5812,.079000004
656,male,no,no,-1.028,.9127,.079000004
657,male,no,no,2.9719999,-1.3276,.061000001
657,female,no,no,12.972,.1582,.061000001
657,female,no,no,-7.0279999,-1.3276,.061000001
657,female,no,no,.972,.56099999,.061000001
657,male,no,no,19.972,1.5177,.061000001
657,female,no,no,-16.028,-1.3276,.061000001
657,male,no,no,-14.028,-1.3276,.061000001
657,male,no,no,5.9720001,.3917,.061000001
657,male,no,no,-3.0280001,-1.3276,.061000001
657,female,no,no,3.9719999,.029300001,.061000001
657,male,no,yes,-3.0280001,.029300001,.061000001
657,female,no,no,-6.0279999,-.13249999,.061000001
657,male,yes,no,11.972,2.4151001,.061000001
657,male,yes,yes,4.9720001,.56099999,.061000001
658,female,no,no,-11.028,-.13249999,-.289
658,male,no,yes,-8.0279999,-1.3276,-.289
658,female,no,no,-.028000001,.73500001,-.289
658,female,no,no,-1.028,-.36000001,-.289
658,female,no,yes,-.028000001,.56099999,-.289
658,female,no,no,-23.028,-1.3276,-.289
658,male,no,no,-25.028,-1.3276,-.289
659,male,yes,no,18.972,1.1404999,-.55900002
659,male,no,no,-7.0279999,.3917,-.55900002
659,male,no,yes,4.9720001,1.1404999,-.55900002
659,male,no,no,5.9720001,2.4151001,-.55900002
659,female,yes,yes,-.028000001,.73500001,-.55900002
659,female,yes,yes,6.9720001,1.5177,-.55900002
659,male,no,no,8.9720001,.3917,-.55900002
659,female,no,yes,15.972,2.4151001,-.55900002
660,male,no,no,-2.0280001,.029300001,-.204
660,female,no,no,10.972,.73500001,-.204
660,female,yes,yes,-11.028,-.5812,-.204
660,male,yes,yes,13.972,2.4151001,-.204
660,male,no,no,-6.0279999,-1.3276,-.204
661,male,no,yes,10.972,.73500001,-.40200001
661,female,no,no,17.972,1.5177,-.40200001
661,male,no,no,-11.028,-.36000001,-.40200001
661,female,no,no,8.9720001,-.36000001,-.40200001
661,female,no,no,8.9720001,.73500001,-.40200001
661,male,no,no,-.028000001,.3917,-.40200001
661,male,yes,no,-2.0280001,.26409999,-.40200001
661,female,no,no,-15.028,-1.3276,-.40200001
661,male,no,yes,1.972,.73500001,-.40200001
661,male,yes,no,.972,.3917,-.40200001
662,female,no,no,7.9720001,.73500001,.28299999
662,female,yes,yes,20.972,1.5177,.28299999
662,male,yes,yes,-.028000001,.3917,.28299999
663,male,no,no,-4.0279999,.1582,-.219
663,male,no,no,2.9719999,.029300001,-.219
663,female,no,no,-4.0279999,-.5812,-.219
663,female,no,no,8.9720001,.9127,-.219
663,male,yes,yes,12.972,.73500001,-.219
663,female,no,no,7.9720001,.9127,-.219
664,male,yes,no,22.972,1.5177,-.17200001
664,male,no,no,2.9719999,.3917,-.17200001
664,female,no,no,6.9720001,.56099999,-.17200001
664,female,no,yes,16.972,.9127,-.17200001
664,male,no,yes,8.9720001,.3917,-.17200001
665,male,no,no,4.9720001,-.36000001,.382
665,female,yes,yes,5.9720001,1.5177,.382
665,female,yes,yes,-3.0280001,-.13249999,.382
665,male,no,no,-4.0279999,-.36000001,.382
665,female,no,no,5.9720001,.26409999,.382
665,male,no,no,5.9720001,-.36000001,.382
665,male,no,no,-2.0280001,-.36000001,.382
666,male,no,yes,11.972,.9127,.33700001
666,female,no,no,2.9719999,-.36000001,.33700001
666,male,no,no,9.9720001,.029300001,.33700001
666,female,no,yes,3.9719999,-.13249999,.33700001
667,female,no,no,3.9719999,2.4151001,.15000001
667,male,no,no,-10.028,.26409999,.15000001
667,male,no,no,4.9720001,.26409999,.15000001
667,female,no,no,16.972,.73500001,.15000001
667,male,no,no,-8.0279999,.029300001,.15000001
667,female,no,no,10.972,.029300001,.15000001
667,male,yes,yes,-1.028,.1582,.15000001
667,female,no,no,13.972,.029300001,.15000001
667,male,yes,yes,-4.0279999,.56099999,.15000001
667,male,no,no,5.9720001,.3917,.15000001
667,female,yes,no,7.9720001,1.5177,.15000001
667,male,no,no,-4.0279999,-1.3276,.15000001
667,female,no,no,-.028000001,-.36000001,.15000001
668,female,no,no,.972,.029300001,-.244
668,male,no,no,8.9720001,-1.3276,-.244
668,male,no,no,-13.028,-1.3276,-.244
668,female,yes,no,20.972,.9127,-.244
669,female,no,no,-5.0279999,-.36000001,.111
669,female,yes,no,-4.0279999,-.36000001,.111
670,female,no,no,-15.028,-1.3276,-.35299999
670,male,yes,yes,11.972,2.4151001,-.35299999
670,female,no,no,-11.028,-1.3276,-.35299999
670,female,no,yes,-10.028,-.36000001,-.35299999
670,male,no,no,-14.028,-1.3276,-.35299999
670,female,no,no,7.9720001,.3917,-.35299999
671,female,no,no,8.9720001,1.1404999,-.34200001
671,female,yes,yes,20.972,.56099999,-.34200001
671,female,no,no,.972,.56099999,-.34200001
672,male,no,no,-.028000001,.029300001,.0020000001
672,female,no,no,-7.0279999,.029300001,.0020000001
672,male,no,no,14.972,.56099999,.0020000001
673,female,yes,no,4.9720001,.9127,-.36300001
673,female,no,yes,12.972,.029300001,-.36300001
673,female,no,no,-4.0279999,.1582,-.36300001
673,male,yes,yes,10.972,.3917,-.36300001
673,female,no,no,-4.0279999,-.36000001,-.36300001
673,female,no,no,9.9720001,.3917,-.36300001
674,female,no,no,-7.0279999,-.36000001,.052999999
674,male,yes,yes,16.972,1.5177,.052999999
674,male,no,no,-4.0279999,-1.3276,.052999999
674,female,no,no,-4.0279999,-.36000001,.052999999
674,female,no,yes,-12.028,-1.3276,.052999999
674,female,yes,no,13.972,.9127,.052999999
675,female,no,no,7.9720001,.73500001,-.182
675,male,no,no,21.972,.73500001,-.182
675,female,no,no,4.9720001,.3917,-.182
675,male,no,no,-2.0280001,.56099999,-.182
675,female,yes,no,5.9720001,1.1404999,-.182
675,male,yes,yes,-4.0279999,-1.3276,-.182
675,male,yes,no,15.972,.3917,-.182
675,male,yes,yes,-5.0279999,-.36000001,-.182
675,female,no,no,-.028000001,.029300001,-.182
675,female,yes,yes,-14.028,.73500001,-.182
675,male,yes,yes,-2.0280001,-.36000001,-.182
675,male,no,no,12.972,1.5177,-.182
676,male,no,no,-10.028,-.36000001,-.21600001
676,male,no,yes,2.9719999,.029300001,-.21600001
676,female,yes,no,11.972,1.1404999,-.21600001
676,female,no,no,17.972,2.4151001,-.21600001
676,female,no,no,1.972,-.13249999,-.21600001
676,female,no,no,-1.028,-.5812,-.21600001
677,female,no,no,3.9719999,.73500001,.21799999
677,female,no,no,-21.028,-.36000001,.21799999
677,female,no,no,-.028000001,-.36000001,.21799999
677,female,no,no,-7.0279999,-.5812,.21799999
678,female,no,no,2.9719999,.56099999,-.045000002
678,female,no,no,-1.028,-1.3276,-.045000002
678,female,no,no,17.972,.73500001,-.045000002
678,female,no,no,4.9720001,1.5177,-.045000002
678,female,no,no,-7.0279999,-.36000001,-.045000002
678,male,yes,no,4.9720001,1.5177,-.045000002
678,male,no,no,-27.028,-.36000001,-.045000002
678,female,no,no,-6.0279999,-.36000001,-.045000002
679,female,no,no,.972,.56099999,.49599999
679,female,no,no,-7.0279999,-1.3276,.49599999
679,female,no,no,-2.0280001,-1.3276,.49599999
679,female,no,no,8.9720001,.3917,.49599999
679,female,yes,yes,.972,1.1404999,.49599999
679,male,no,no,4.9720001,.3917,.49599999
679,female,yes,no,7.9720001,.3917,.49599999
679,male,no,no,-13.028,-.36000001,.49599999
680,female,yes,no,16.972,1.1404999,-.115
680,male,no,no,1.972,1.1404999,-.115
680,female,no,no,-8.0279999,-.36000001,-.115
680,male,no,no,-13.028,-.13249999,-.115
680,female,no,no,9.9720001,-.36000001,-.115
681,male,no,no,-.028000001,-.36000001,-.198
681,female,no,yes,6.9720001,.56099999,-.198
681,female,no,yes,-8.0279999,-1.3276,-.198
681,male,no,no,-24.028,-1.3276,-.198
681,female,no,no,-10.028,-1.3276,-.198
681,female,yes,no,-7.0279999,-1.3276,-.198
681,male,no,no,-19.028,-1.3276,-.198
681,female,no,no,16.972,.3917,-.198
681,female,no,no,12.972,.56099999,-.198
682,male,no,no,1.972,.73500001,.18000001
682,female,no,no,-8.0279999,-.5812,.18000001
682,male,no,no,-4.0279999,.73500001,.18000001
682,male,yes,yes,-3.0280001,-.13249999,.18000001
683,male,no,yes,10.972,.3917,-.78799999
683,male,yes,no,12.972,.3917,-.78799999
683,male,no,no,-6.0279999,.73500001,-.78799999
684,male,yes,no,1.972,.73500001,-.97500002
684,male,yes,yes,13.972,.3917,-.97500002
687,male,no,no,-19.028,-.36000001,-.045000002
687,female,no,no,2.9719999,.56099999,-.045000002
687,female,no,yes,8.9720001,.56099999,-.045000002
687,female,no,no,13.972,.73500001,-.045000002
687,male,no,no,-1.028,-.5812,-.045000002
687,male,yes,yes,-7.0279999,-.36000001,-.045000002
687,male,no,yes,.972,-.13249999,-.045000002
687,male,no,no,-15.028,-1.3276,-.045000002
687,male,no,no,6.9720001,-.13249999,-.045000002
687,male,yes,yes,-5.0279999,-1.3276,-.045000002
688,male,no,no,-9.0279999,-.13249999,-.287
688,male,no,no,.972,.26409999,-.287
688,female,yes,no,-16.028,.029300001,-.287
688,female,no,no,-.028000001,.3917,-.287
688,male,no,no,-5.0279999,.029300001,-.287
689,female,no,no,14.972,1.5177,-.003
689,male,no,no,-4.0279999,.3917,-.003
689,male,no,no,-2.0280001,.1582,-.003
690,female,no,no,-1.028,-.36000001,.37
690,male,no,no,13.972,-.13249999,.37
691,female,no,no,16.972,2.4151001,1.198
693,male,yes,no,23.972,2.4151001,-.048999999
694,male,no,no,-3.0280001,-.36000001,-.18700001
695,male,no,no,3.9719999,2.4151001,-.55699998
695,female,no,no,14.972,2.4151001,-.55699998
695,female,no,no,-2.0280001,-.13249999,-.55699998
695,female,no,no,-8.0279999,-1.3276,-.55699998
696,male,no,yes,.972,.3917,-.46399999
699,male,yes,yes,10.972,.3917,-.32300001
701,male,yes,no,8.9720001,1.1404999,-.713
701,female,no,no,-12.028,-.36000001,-.713
701,male,yes,no,13.972,1.5177,-.713
701,male,yes,no,22.972,1.5177,-.713
701,male,yes,yes,-2.0280001,-.13249999,-.713
703,female,no,no,6.9720001,.1582,-.057
703,female,no,no,-23.028,-1.3276,-.057
703,male,yes,no,-10.028,.3917,-.057
703,female,no,no,2.9719999,-1.3276,-.057
703,male,no,no,2.9719999,.3917,-.057
704,female,no,no,4.9720001,-.5812,-.061999999
704,female,no,no,11.972,-.13249999,-.061999999
704,male,no,no,-5.0279999,-.36000001,-.061999999
704,female,no,no,9.9720001,-.36000001,-.061999999
704,male,no,no,-15.028,-.36000001,-.061999999
704,male,no,no,-8.0279999,-.36000001,-.061999999
704,male,no,no,1.972,-.13249999,-.061999999
705,male,no,yes,6.9720001,-.13249999,-.19400001
705,male,yes,no,6.9720001,.3917,-.19400001
705,male,yes,yes,-12.028,-.36000001,-.19400001
705,female,yes,yes,-1.028,.9127,-.19400001
705,male,no,no,8.9720001,.26409999,-.19400001
706,male,no,no,11.972,.1582,-.037999999
706,male,yes,yes,-2.0280001,.1582,-.037999999
706,female,yes,no,14.972,.9127,-.037999999
706,male,no,no,2.9719999,1.1404999,-.037999999
706,female,no,yes,-3.0280001,.56099999,-.037999999
706,male,no,no,6.9720001,.1582,-.037999999
706,male,yes,yes,10.972,-.13249999,-.037999999
707,male,yes,yes,-10.028,-1.3276,-.241
707,female,no,yes,9.9720001,.9127,-.241
707,female,no,no,9.9720001,.3917,-.241
707,female,no,no,-23.028,-1.3276,-.241
707,male,no,no,2.9719999,.56099999,-.241
707,male,yes,yes,2.9719999,.26409999,-.241
708,male,no,yes,6.9720001,1.5177,-.73799998
709,male,no,no,5.9720001,.73500001,-.266
709,female,no,no,9.9720001,2.4151001,-.266
709,female,no,no,-1.028,-1.3276,-.266
709,female,no,yes,-11.028,-.36000001,-.266
709,male,no,yes,-14.028,-.13249999,-.266
709,female,no,no,-8.0279999,.56099999,-.266
709,male,no,no,4.9720001,.56099999,-.266
709,female,no,no,1.972,.56099999,-.266
709,female,no,yes,-.028000001,.3917,-.266
710,female,no,no,11.972,-1.3276,.17399999
710,male,no,yes,-11.028,-1.3276,.17399999
710,female,no,no,-14.028,-1.3276,.17399999
710,female,no,no,.972,.3917,.17399999
710,female,no,yes,-21.028,-.13249999,.17399999
710,female,no,no,-9.0279999,-1.3276,.17399999
710,female,no,no,3.9719999,-.13249999,.17399999
710,female,no,yes,-7.0279999,.9127,.17399999
710,female,no,no,4.9720001,.26409999,.17399999
710,male,no,no,3.9719999,1.1404999,.17399999
710,female,no,yes,16.972,1.5177,.17399999
710,male,yes,no,-2.0280001,.029300001,.17399999
710,male,yes,yes,-8.0279999,-.13249999,.17399999
711,female,no,no,.972,.029300001,-.17200001
711,female,yes,yes,16.972,.9127,-.17200001
711,female,no,no,-1.028,.56099999,-.17200001
711,male,no,no,-.028000001,-.13249999,-.17200001
711,male,no,no,-.028000001,.73500001,-.17200001
711,female,no,no,9.9720001,-.36000001,-.17200001
712,male,yes,yes,-.028000001,-.13249999,.075999998
712,female,no,yes,14.972,.9127,.075999998
712,male,no,no,1.972,-.13249999,.075999998
712,female,no,no,8.9720001,.9127,.075999998
712,female,no,no,5.9720001,1.1404999,.075999998
712,female,yes,yes,4.9720001,.1582,.075999998
712,male,no,no,-3.0280001,-.13249999,.075999998
712,male,no,no,9.9720001,.1582,.075999998
712,female,no,no,-6.0279999,-.5812,.075999998
712,female,no,no,3.9719999,-1.3276,.075999998
712,female,no,no,14.972,-1.3276,.075999998
713,male,no,no,-16.028,.029300001,.153
713,female,no,no,6.9720001,.029300001,.153
713,male,no,no,10.972,.3917,.153
713,female,yes,yes,-5.0279999,.73500001,.153
713,female,no,no,-1.028,.3917,.153
713,female,no,yes,-6.0279999,.56099999,.153
713,female,no,no,14.972,.029300001,.153
713,male,no,no,11.972,.73500001,.153
714,female,no,no,-.028000001,-1.3276,.063000001
714,female,no,no,8.9720001,.73500001,.063000001
714,female,no,no,-1.028,.3917,.063000001
714,male,no,no,-18.028,-1.3276,.063000001
714,female,no,yes,.972,-.5812,.063000001
714,female,no,no,.972,.1582,.063000001
714,female,no,no,11.972,-.13249999,.063000001
714,male,no,no,9.9720001,1.5177,.063000001
715,male,yes,no,6.9720001,.26409999,-.25400001
715,female,no,no,-9.0279999,-.13249999,-.25400001
715,male,no,no,6.9720001,1.5177,-.25400001
715,male,yes,yes,-7.0279999,2.4151001,-.25400001
715,female,no,no,8.9720001,-.13249999,-.25400001
716,male,no,no,-1.028,-.36000001,.43599999
717,female,yes,no,1.972,.26409999,1.2640001
717,male,no,no,1.972,-.13249999,1.2640001
717,female,no,no,3.9719999,.1582,1.2640001
718,male,no,no,-15.028,-1.3276,1.645
719,female,no,no,-.028000001,-.36000001,.60299999
719,male,no,no,-1.028,.1582,.60299999
721,male,yes,yes,.972,.029300001,1.226
721,male,yes,yes,-17.028,1.1404999,1.226
721,female,no,no,10.972,.9127,1.226
721,female,no,no,3.9719999,.3917,1.226
722,male,no,no,-2.0280001,-.5812,.101
722,female,no,no,-7.0279999,.029300001,.101
722,male,no,no,1.972,-1.3276,.101
723,male,no,no,-2.0280001,-.13249999,1.257
723,female,no,no,6.9720001,.73500001,1.257
723,male,no,no,-7.0279999,-1.3276,1.257
723,female,no,no,-17.028,-1.3276,1.257
723,male,no,no,1.972,-1.3276,1.257
723,male,no,no,5.9720001,.73500001,1.257
723,male,no,no,-2.0280001,-1.3276,1.257
724,female,no,yes,-1.028,.73500001,-.257
724,female,no,no,15.972,.56099999,-.257
724,male,no,no,9.9720001,1.5177,-.257
724,female,no,yes,12.972,.9127,-.257
724,female,no,no,17.972,1.5177,-.257
724,male,no,no,13.972,2.4151001,-.257
725,female,yes,yes,2.9719999,.1582,-.44299999
727,male,no,yes,-13.028,-.13249999,-.101
727,female,no,no,8.9720001,.26409999,-.101
727,female,yes,no,19.972,2.4151001,-.101
727,female,no,yes,7.9720001,-.36000001,-.101
727,male,no,no,.972,-.13249999,-.101
727,female,yes,yes,41.972,2.4151001,-.101
728,female,no,no,-4.0279999,.26409999,.088
728,female,no,no,-.028000001,.3917,.088
728,female,no,yes,11.972,.56099999,.088
728,male,no,no,16.972,1.1404999,.088
728,female,no,no,6.9720001,.029300001,.088
730,male,no,no,-13.028,-.5812,.39399999
731,male,yes,yes,8.9720001,1.5177,-.161
731,female,no,yes,-4.0279999,1.5177,-.161
731,female,yes,no,14.972,2.4151001,-.161
731,male,yes,no,1.972,.3917,-.161
732,male,no,no,-16.028,-1.3276,.223
732,female,no,no,-3.0280001,.9127,.223
732,male,no,no,12.972,2.4151001,.223
732,female,no,no,-7.0279999,-1.3276,.223
732,male,yes,yes,3.9719999,.3917,.223
732,female,no,no,14.972,1.1404999,.223
732,female,no,no,3.9719999,.1582,.223
733,male,yes,yes,-27.028,-1.3276,.98199999
733,male,yes,yes,-6.0279999,-.36000001,.98199999
733,male,yes,yes,-5.0279999,-1.3276,.98199999
733,female,yes,no,12.972,1.5177,.98199999
733,female,no,no,.972,-1.3276,.98199999
733,male,no,no,8.9720001,.26409999,.98199999
733,female,no,yes,4.9720001,.73500001,.98199999
733,female,no,no,11.972,.73500001,.98199999
733,female,no,no,-6.0279999,-.5812,.98199999
734,male,yes,no,16.972,1.5177,.72399998
734,male,yes,yes,-16.028,-.5812,.72399998
734,female,no,no,-12.028,-.36000001,.72399998
734,female,no,yes,.972,.029300001,.72399998
734,female,no,no,.972,.73500001,.72399998
734,female,no,no,-13.028,.26409999,.72399998
734,male,no,yes,-3.0280001,.029300001,.72399998
735,male,no,no,-15.028,-1.3276,.33500001
735,male,no,no,-8.0279999,-.5812,.33500001
735,male,no,no,-7.0279999,-.36000001,.33500001
736,female,no,no,.972,.56099999,-.207
736,female,no,no,14.972,.9127,-.207
736,female,no,no,1.972,-.36000001,-.207
736,male,no,no,-7.0279999,-.13249999,-.207
736,female,no,no,10.972,1.1404999,-.207
737,female,no,no,3.9719999,.73500001,-1.048
737,male,no,yes,2.9719999,.56099999,-1.048
737,female,no,yes,5.9720001,.1582,-1.048
737,male,no,yes,15.972,2.4151001,-1.048
737,female,yes,yes,9.9720001,.56099999,-1.048
741,female,no,no,-13.028,-1.3276,-.105
741,male,no,yes,-4.0279999,-.13249999,-.105
742,female,no,no,-3.0280001,.9127,-.114
743,male,yes,yes,14.972,.9127,-.583
744,male,no,no,-1.028,.26409999,-.14300001
744,female,no,no,-19.028,.26409999,-.14300001
744,male,no,no,5.9720001,.029300001,-.14300001
744,female,no,no,-4.0279999,-1.3276,-.14300001
745,male,yes,yes,-14.028,-.36000001,-.146
746,female,no,no,-6.0279999,.1582,.29899999
746,female,no,yes,-16.028,-1.3276,.29899999
746,female,yes,no,-8.0279999,-.5812,.29899999
746,female,yes,no,-2.0280001,-1.3276,.29899999
746,female,yes,yes,4.9720001,.73500001,.29899999
747,female,no,no,1.972,-1.3276,-.093000002
747,female,no,no,11.972,.73500001,-.093000002
747,male,no,no,-9.0279999,.029300001,-.093000002
747,male,no,no,-1.028,-1.3276,-.093000002
747,male,no,no,5.9720001,.9127,-.093000002
748,female,no,no,-5.0279999,-1.3276,-.037999999
748,male,no,no,-10.028,-1.3276,-.037999999
748,male,yes,yes,12.972,1.1404999,-.037999999
749,female,no,yes,-6.0279999,-.13249999,-.107
749,male,no,no,6.9720001,.3917,-.107
750,female,yes,yes,-.028000001,.029300001,-.60100001
750,female,no,no,-14.028,-.36000001,-.60100001
750,male,no,no,-3.0280001,.029300001,-.60100001
752,female,no,no,-18.028,-1.3276,.102
752,male,no,no,-5.0279999,-.36000001,.102
752,female,no,no,-7.0279999,-.5812,.102
752,male,no,no,-7.0279999,.029300001,.102
752,male,no,no,-4.0279999,-1.3276,.102
753,male,no,no,1.972,.56099999,-.322
753,male,no,yes,16.972,.26409999,-.322
753,female,yes,yes,12.972,1.5177,-.322
753,female,no,yes,9.9720001,.1582,-.322
753,female,no,no,12.972,.73500001,-.322
766,female,no,no,4.9720001,.56099999,.271
766,female,yes,yes,-8.0279999,-.13249999,.271
768,male,no,no,1.972,-.13249999,1.017
768,male,no,no,5.9720001,.26409999,1.017
769,male,no,no,-5.0279999,-1.3276,.50199997
769,male,no,no,18.972,.1582,.50199997
769,male,no,no,.972,.56099999,.50199997
769,male,no,no,-7.0279999,-1.3276,.50199997
769,female,no,no,-13.028,-1.3276,.50199997
771,female,no,no,-9.0279999,-.13249999,.25600001
771,male,no,no,7.9720001,.3917,.25600001
772,female,no,no,-16.028,-1.3276,.76099998
773,male,no,no,-1.028,-.13249999,-.322
774,female,no,no,-3.0280001,-.5812,.417
774,female,yes,no,-9.0279999,1.5177,.417
775,male,no,no,-11.028,-.5812,-.030999999
775,female,no,no,-1.028,.9127,-.030999999
775,male,no,no,-5.0279999,-.13249999,-.030999999
775,female,no,no,-8.0279999,-.36000001,-.030999999
775,male,no,no,-.028000001,-.13249999,-.030999999
776,female,no,no,4.9720001,.73500001,.40599999
776,female,no,no,-9.0279999,-.13249999,.40599999
776,male,no,no,-5.0279999,-.36000001,.40599999
776,male,no,no,-4.0279999,.1582,.40599999
776,male,no,no,-3.0280001,-1.3276,.40599999
776,female,no,no,-1.028,-1.3276,.40599999
777,female,no,no,-9.0279999,-.5812,.90200001
777,male,no,no,-11.028,-1.3276,.90200001
777,female,no,no,-12.028,-1.3276,.90200001
778,male,no,no,3.9719999,-.5812,.0089999996
778,female,no,yes,-3.0280001,.1582,.0089999996
778,female,yes,yes,-2.0280001,-.5812,.0089999996
778,female,no,no,-1.028,.9127,.0089999996
778,male,no,no,1.972,.9127,.0089999996
778,female,no,no,-8.0279999,-.36000001,.0089999996
778,female,no,no,-10.028,.56099999,.0089999996
779,male,no,no,6.9720001,-.36000001,.52700001
779,male,no,no,1.972,-.13249999,.52700001
779,female,no,no,-15.028,-.5812,.52700001
779,male,no,no,-18.028,-.36000001,.52700001
779,male,no,no,8.9720001,.9127,.52700001
779,male,yes,yes,-7.0279999,.3917,.52700001
779,male,no,no,9.9720001,.1582,.52700001
779,female,no,no,16.972,1.5177,.52700001
780,male,no,no,-.028000001,.029300001,.017000001
780,male,no,no,-24.028,-1.3276,.017000001
780,male,no,no,-.028000001,.029300001,.017000001
782,female,no,no,19.972,1.5177,1.298
782,female,yes,no,-6.0279999,.56099999,1.298
782,male,no,no,-12.028,-1.3276,1.298
782,male,no,no,-.028000001,.029300001,1.298
782,male,no,yes,-10.028,-1.3276,1.298
783,female,no,no,-12.028,-1.3276,-.244
783,female,no,no,7.9720001,.9127,-.244
783,female,no,no,-8.0279999,-1.3276,-.244
784,female,no,no,-1.028,-1.3276,-.0049999999
784,male,no,no,2.9719999,1.1404999,-.0049999999
785,male,no,no,1.972,1.5177,.94499999
785,female,no,no,-15.028,.1582,.94499999
785,female,no,no,.972,-1.3276,.94499999
785,female,no,no,-.028000001,.029300001,.94499999
785,male,no,no,-1.028,-.13249999,.94499999
785,male,no,no,10.972,.26409999,.94499999
785,female,no,no,6.9720001,.3917,.94499999
785,female,no,no,.972,-.13249999,.94499999
785,female,no,no,-12.028,.1582,.94499999
785,male,no,yes,10.972,.3917,.94499999
786,male,no,no,-16.028,-1.3276,1.712
786,male,no,no,-5.0279999,-1.3276,1.712
786,male,no,no,-13.028,-1.3276,1.712
786,male,no,no,-7.0279999,-1.3276,1.712
786,male,no,no,-14.028,-1.3276,1.712
786,female,no,no,9.9720001,.029300001,1.712
787,female,no,no,-21.028,-.36000001,.82300001
787,female,no,no,2.9719999,.1582,.82300001
788,female,no,no,-20.028,-.36000001,.0049999999
788,male,no,no,-21.028,-.36000001,.0049999999
788,male,no,no,23.972,1.5177,.0049999999
788,female,no,no,-2.0280001,.1582,.0049999999
788,female,no,no,1.972,.029300001,.0049999999
789,male,no,no,-7.0279999,.1582,.86699998
789,male,no,no,-12.028,-1.3276,.86699998
789,male,no,no,-11.028,-1.3276,.86699998
789,female,yes,no,-20.028,-1.3276,.86699998
789,male,no,no,6.9720001,.1582,.86699998
789,male,no,no,-7.0279999,-.5812,.86699998
790,female,no,no,-20.028,-1.3276,.67400002
790,female,no,yes,-24.028,-1.3276,.67400002
790,female,no,no,-.028000001,-.13249999,.67400002
790,male,no,no,3.9719999,-1.3276,.67400002
791,male,no,no,6.9720001,.1582,.242
792,female,no,no,-5.0279999,.3917,-.086000003
792,male,no,no,-13.028,.029300001,-.086000003
792,female,no,no,-7.0279999,-1.3276,-.086000003
792,male,yes,no,11.972,1.5177,-.086000003
792,female,no,no,-12.028,-1.3276,-.086000003
792,male,no,no,-3.0280001,1.5177,-.086000003
793,female,no,yes,-1.028,.029300001,1.156
793,male,no,yes,-17.028,-1.3276,1.156
793,male,no,yes,2.9719999,-.36000001,1.156
793,male,no,no,-23.028,-1.3276,1.156
793,male,no,no,-7.0279999,-.36000001,1.156
793,female,no,no,-27.028,-1.3276,1.156
793,male,yes,yes,1.972,.1582,1.156
793,male,no,no,-27.028,-.5812,1.156
794,female,no,no,-7.0279999,-1.3276,2.3299999
794,female,no,no,-3.0280001,-1.3276,2.3299999
794,male,no,no,-15.028,-1.3276,2.3299999
794,male,no,no,17.972,.56099999,2.3299999
794,female,no,no,6.9720001,-.36000001,2.3299999
794,male,no,no,1.972,-.36000001,2.3299999
794,male,no,no,-7.0279999,-.13249999,2.3299999
794,male,no,no,-5.0279999,-1.3276,2.3299999
794,female,no,no,-8.0279999,-.36000001,2.3299999
794,female,no,no,-7.0279999,-1.3276,2.3299999
794,male,no,no,-27.028,-1.3276,2.3299999
794,female,no,no,-21.028,-1.3276,2.3299999
794,female,no,no,6.9720001,.029300001,2.3299999
794,male,yes,yes,-2.0280001,-.36000001,2.3299999
795,female,no,no,-9.0279999,-.36000001,1.386
795,male,no,no,-16.028,-1.3276,1.386
796,male,no,no,-23.028,-.36000001,.77399999
796,male,no,no,-17.028,-1.3276,.77399999
796,male,no,no,-5.0279999,.029300001,.77399999
796,male,no,no,7.9720001,.9127,.77399999
796,female,no,yes,1.972,.029300001,.77399999
796,male,no,no,-26.028,-.5812,.77399999
796,male,no,no,1.972,.3917,.77399999
796,female,no,no,3.9719999,.73500001,.77399999
796,male,no,no,-4.0279999,-1.3276,.77399999
797,female,no,no,1.972,-.13249999,.597
797,female,yes,yes,-10.028,-1.3276,.597
797,male,no,no,-8.0279999,-1.3276,.597
797,female,no,no,-5.0279999,-.13249999,.597
797,female,no,no,-11.028,-1.3276,.597
798,male,yes,no,-4.0279999,.9127,.074000001
798,female,no,no,1.972,-.5812,.074000001
798,female,no,no,-6.0279999,-.36000001,.074000001
798,female,no,no,7.9720001,.9127,.074000001
798,male,no,no,-4.0279999,.3917,.074000001
798,female,no,no,3.9719999,.1582,.074000001
798,male,no,no,-9.0279999,-.36000001,.074000001
798,female,yes,no,-7.0279999,.56099999,.074000001
798,male,no,yes,5.9720001,.3917,.074000001
798,female,no,no,-.028000001,.56099999,.074000001
799,male,no,no,-11.028,-.13249999,-.347
799,female,no,no,-6.0279999,-1.3276,-.347
800,male,yes,no,-6.0279999,-.36000001,.61400002
800,male,no,no,8.9720001,1.1404999,.61400002
801,female,yes,no,4.9720001,.26409999,.18799999
801,male,no,yes,-8.0279999,1.1404999,.18799999
803,male,no,no,3.9719999,-.13249999,.368
803,female,yes,yes,-9.0279999,-1.3276,.368
803,female,no,yes,-1.028,-.36000001,.368
803,male,no,no,-27.028,-1.3276,.368
804,male,no,no,-15.028,-.13249999,2.438
804,female,no,no,6.9720001,-.36000001,2.438
804,female,no,no,9.9720001,.029300001,2.438
805,male,no,yes,5.9720001,.3917,.96399999
805,male,no,no,-1.028,-.36000001,.96399999
807,male,no,no,5.9720001,.56099999,.155
807,female,no,no,5.9720001,.26409999,.155
807,female,no,no,-15.028,-1.3276,.155
807,female,no,no,-11.028,-1.3276,.155
807,male,no,no,-2.0280001,.029300001,.155
807,female,no,no,-14.028,-1.3276,.155
808,male,yes,yes,-7.0279999,.029300001,.043000001
808,female,no,yes,8.9720001,.56099999,.043000001
808,male,no,no,-5.0279999,-.36000001,.043000001
809,female,no,no,-.028000001,.56099999,.088
809,female,no,no,-19.028,-1.3276,.088
809,male,no,no,1.972,.3917,.088
809,female,no,no,7.9720001,.56099999,.088
809,male,no,no,-.028000001,2.4151001,.088
809,female,no,no,-10.028,-1.3276,.088
809,male,no,yes,-13.028,.56099999,.088
812,male,no,no,-5.0279999,-.5812,.336
813,male,no,no,-21.028,-1.3276,.094999999
813,male,no,no,-4.0279999,-1.3276,.094999999
814,male,no,no,14.972,1.1404999,-.27599999
815,female,yes,yes,-.028000001,-.13249999,.373
815,male,no,no,-10.028,-1.3276,.373
816,male,no,no,-2.0280001,-.36000001,.90799999
816,male,no,no,-15.028,-1.3276,.90799999
816,female,no,no,-3.0280001,-.36000001,.90799999
816,male,no,no,3.9719999,.3917,.90799999
817,female,no,no,-18.028,-1.3276,1.669
817,male,no,no,-14.028,-1.3276,1.669
817,female,no,yes,5.9720001,.56099999,1.669
818,male,yes,no,5.9720001,.029300001,.221
818,male,yes,yes,6.9720001,.9127,.221
818,female,no,yes,-.028000001,.56099999,.221
818,female,yes,no,-7.0279999,-1.3276,.221
818,male,no,no,-16.028,-1.3276,.221
819,male,no,no,2.9719999,-.36000001,.105
819,male,no,yes,5.9720001,.3917,.105
819,female,no,no,-13.028,-.5812,.105
819,male,no,no,-24.028,-1.3276,.105
819,male,no,no,6.9720001,.26409999,.105
821,male,no,no,8.9720001,.029300001,.39300001
821,male,no,yes,16.972,.56099999,.39300001
822,female,no,no,-10.028,.73500001,.164
822,female,no,no,-13.028,-1.3276,.164
822,female,no,no,-16.028,-1.3276,.164
822,male,yes,yes,-15.028,-1.3276,.164
822,male,no,no,7.9720001,.3917,.164
822,female,no,no,-8.0279999,-1.3276,.164
822,male,no,no,-13.028,-1.3276,.164
822,female,no,no,6.9720001,.3917,.164
822,female,no,no,-6.0279999,.56099999,.164
822,male,no,no,-16.028,-1.3276,.164
822,female,no,no,3.9719999,1.5177,.164
822,male,yes,no,5.9720001,1.5177,.164
822,male,yes,yes,2.9719999,1.5177,.164
823,female,no,no,19.972,1.5177,.53299999
823,female,no,no,-19.028,-1.3276,.53299999
823,female,no,no,-9.0279999,-.5812,.53299999
823,female,no,yes,-.028000001,.1582,.53299999
823,male,no,no,.972,-.5812,.53299999
823,male,no,no,4.9720001,.3917,.53299999
823,female,no,no,-8.0279999,-1.3276,.53299999
823,female,no,no,-7.0279999,-1.3276,.53299999
823,male,no,no,-3.0280001,.029300001,.53299999
823,female,no,yes,-12.028,-1.3276,.53299999
824,female,no,no,-14.028,-1.3276,.124
824,male,no,no,8.9720001,1.1404999,.124
824,male,no,no,-19.028,-1.3276,.124
824,female,no,no,6.9720001,-.13249999,.124
824,female,no,no,7.9720001,.029300001,.124
824,female,yes,yes,4.9720001,-.5812,.124
824,male,no,no,9.9720001,.56099999,.124
824,male,no,no,2.9719999,.3917,.124
824,male,yes,no,19.972,.26409999,.124
824,male,no,no,18.972,-.13249999,.124
825,male,no,no,-14.028,-1.3276,.71200001
825,female,no,no,-3.0280001,-1.3276,.71200001
825,male,no,no,-13.028,-1.3276,.71200001
825,female,no,no,-7.0279999,.1582,.71200001
825,male,no,no,10.972,.1582,.71200001
826,male,yes,yes,-1.028,.26409999,.109
826,female,no,no,15.972,.029300001,.109
826,male,no,no,-13.028,-.5812,.109
826,female,yes,no,22.972,1.1404999,.109
826,female,no,no,10.972,1.1404999,.109
827,female,no,no,-4.0279999,-1.3276,-.113
827,female,no,no,9.9720001,1.1404999,-.113
827,female,no,no,7.9720001,.56099999,-.113
827,male,no,yes,7.9720001,.3917,-.113
827,female,no,no,-5.0279999,-.36000001,-.113
828,male,no,no,-3.0280001,-.13249999,-.046999998
828,female,no,no,9.9720001,1.1404999,-.046999998
828,male,no,yes,5.9720001,.26409999,-.046999998
828,male,no,no,-1.028,-.13249999,-.046999998
828,male,no,no,-15.028,-1.3276,-.046999998
829,male,no,no,-11.028,-1.3276,-.013
829,female,yes,no,-11.028,-1.3276,-.013
829,male,no,yes,5.9720001,.1582,-.013
831,male,yes,no,7.9720001,.26409999,-.498
831,female,no,no,-5.0279999,-.36000001,-.498
831,male,yes,yes,25.972,1.5177,-.498
832,female,no,yes,9.9720001,-1.3276,-.025
833,female,no,yes,22.972,1.1404999,-.27399999
834,female,no,no,13.972,2.4151001,-.117
835,female,no,no,-11.028,-1.3276,-.514
835,female,no,yes,-1.028,.73500001,-.514
836,male,no,yes,10.972,.3917,-.69300002
836,female,yes,yes,15.972,1.1404999,-.69300002
836,female,no,no,-8.0279999,-1.3276,-.69300002
836,male,no,no,4.9720001,.26409999,-.69300002
837,female,no,no,3.9719999,1.1404999,-.81800002
837,male,no,no,-4.0279999,.56099999,-.81800002
837,female,no,no,6.9720001,.1582,-.81800002
838,female,no,no,-1.028,-.36000001,-.435
838,female,no,no,-13.028,-.13249999,-.435
838,female,no,no,4.9720001,.029300001,-.435
838,female,no,no,-4.0279999,-1.3276,-.435
839,male,no,no,-6.0279999,-1.3276,-.42399999
839,male,no,no,-5.0279999,-.36000001,-.42399999
839,female,no,no,-2.0280001,.56099999,-.42399999
840,male,no,no,-4.0279999,-1.3276,-.33199999
861,male,yes,yes,4.9720001,.1582,.67799997
861,male,no,no,-4.0279999,-.13249999,.67799997
861,female,yes,yes,-.028000001,.26409999,.67799997
861,female,no,no,10.972,.9127,.67799997
862,female,no,no,-1.028,-.36000001,2.4979999
863,male,yes,yes,2.9719999,.3917,-.155
863,female,no,no,13.972,.56099999,-.155
863,male,no,no,-6.0279999,.56099999,-.155
863,male,no,no,-5.0279999,.73500001,-.155
863,female,yes,yes,-1.028,-.36000001,-.155
863,female,no,no,1.972,.3917,-.155
863,female,no,no,14.972,1.5177,-.155
863,female,no,no,.972,.56099999,-.155
864,female,no,no,14.972,-.36000001,-.083999999
864,female,no,yes,1.972,.73500001,-.083999999
864,female,no,no,-4.0279999,-.13249999,-.083999999
864,male,no,no,-10.028,.73500001,-.083999999
865,male,no,no,-1.028,-.13249999,-.52399999
865,male,no,no,7.9720001,.9127,-.52399999
865,male,yes,yes,10.972,2.4151001,-.52399999
865,female,no,yes,14.972,1.5177,-.52399999
865,female,yes,yes,10.972,2.4151001,-.52399999
866,female,no,yes,7.9720001,2.4151001,-.64899999
866,female,no,no,-7.0279999,-.36000001,-.64899999
866,male,no,no,1.972,.26409999,-.64899999
866,male,no,no,11.972,.1582,-.64899999
867,female,no,no,-13.028,-.5812,.40099999
1057,female,yes,no,4.9720001,-.13249999,-.70099998
1057,female,yes,yes,1.972,1.5177,-.70099998
1057,male,yes,no,11.972,2.4151001,-.70099998
1058,female,yes,yes,14.972,2.4151001,-.60500002
1058,female,no,yes,10.972,1.5177,-.60500002
1059,male,yes,no,-7.0279999,-.36000001,-.83899999
1059,female,no,no,9.9720001,.56099999,-.83899999
1059,male,yes,yes,8.9720001,1.5177,-.83899999
1060,female,yes,yes,-27.028,-1.3276,-.67000002
1060,female,no,yes,36.972,.73500001,-.67000002
1060,male,yes,yes,-3.0280001,.1582,-.67000002
1061,female,yes,yes,14.972,2.4151001,-.935
1061,female,yes,yes,22.972,1.1404999,-.935
1061,male,yes,yes,10.972,2.4151001,-.935
1062,male,no,yes,.972,.3917,-.484
1062,male,no,yes,4.9720001,2.4151001,-.484
1062,female,yes,yes,7.9720001,1.5177,-.484
1062,female,no,no,13.972,.9127,-.484
1062,female,no,no,13.972,2.4151001,-.484
1062,male,yes,yes,35.972,1.5177,-.484
1063,female,no,no,-2.0280001,-.36000001,-.50999999
1063,female,yes,no,.972,1.5177,-.50999999
1063,female,no,no,-.028000001,.9127,-.50999999
1063,male,yes,yes,31.972,2.4151001,-.50999999
1064,female,yes,yes,-2.0280001,-1.3276,-.0020000001
1064,female,no,no,17.972,.3917,-.0020000001
1064,female,no,no,-.028000001,-.36000001,-.0020000001
1064,female,no,no,-1.028,.73500001,-.0020000001
1064,male,no,no,33.972,.26409999,-.0020000001
1065,male,yes,no,.972,-.36000001,-.479
1065,female,no,no,13.972,.9127,-.479
1065,male,no,no,-3.0280001,.26409999,-.479
1066,male,yes,yes,8.9720001,-.13249999,.052000001
1066,female,yes,yes,18.972,2.4151001,.052000001
1066,male,no,yes,2.9719999,.3917,.052000001
1067,female,no,no,14.972,-.13249999,.741
1067,male,no,no,-17.028,-.36000001,.741
1068,male,no,no,-7.0279999,-.5812,-.037
1069,male,no,no,1.972,-.13249999,-.45899999
1069,male,no,no,.972,-.36000001,-.45899999
1070,male,no,no,4.9720001,-.36000001,-.287
1070,female,yes,yes,6.9720001,.73500001,-.287
1070,female,no,no,18.972,.3917,-.287
1071,male,no,no,-9.0279999,-.36000001,-.287
1071,male,no,yes,-8.0279999,.73500001,-.287
1072,male,no,no,.972,.56099999,-.398
1072,female,no,no,1.972,.029300001,-.398
1072,female,no,no,3.9719999,.73500001,-.398
1072,female,yes,yes,11.972,.9127,-.398
1072,male,no,no,4.9720001,-.36000001,-.398
1072,male,no,no,7.9720001,.1582,-.398
1072,male,no,yes,5.9720001,.3917,-.398
1073,female,yes,no,-2.0280001,.73500001,-.55500001
1073,female,yes,yes,7.9720001,.3917,-.55500001
1073,female,no,yes,4.9720001,.73500001,-.55500001
1073,female,yes,no,11.972,.9127,-.55500001
1073,female,no,no,-.028000001,.56099999,-.55500001
1073,female,no,no,13.972,.73500001,-.55500001
1073,female,no,no,-4.0279999,-.13249999,-.55500001
1073,female,yes,yes,8.9720001,1.5177,-.55500001
1073,male,no,no,11.972,.56099999,-.55500001
1073,female,no,no,3.9719999,.73500001,-.55500001
1074,female,no,no,-5.0279999,-.36000001,.51499999
1074,male,yes,no,-1.028,-.5812,.51499999
1074,male,no,no,3.9719999,-.36000001,.51499999
1074,female,no,no,15.972,.9127,.51499999
1074,male,no,no,9.9720001,2.4151001,.51499999
1075,male,yes,yes,12.972,2.4151001,-.82099998
1075,female,yes,no,3.9719999,1.1404999,-.82099998
1075,male,yes,yes,-3.0280001,1.1404999,-.82099998
1075,male,yes,yes,19.972,2.4151001,-.82099998
1075,male,yes,yes,12.972,1.5177,-.82099998
1077,female,no,no,-11.028,-1.3276,.146
1078,female,yes,no,18.972,1.1404999,-.40900001
1078,female,no,no,2.9719999,.1582,-.40900001
1079,female,yes,yes,17.972,1.1404999,-.34599999
1079,female,no,no,5.9720001,1.1404999,-.34599999
1087,female,yes,yes,12.972,2.4151001,-.88
1088,male,no,no,-.028000001,.3917,-.68300003
1088,male,yes,yes,25.972,2.4151001,-.68300003
1088,female,yes,yes,4.9720001,1.1404999,-.68300003
1090,female,yes,yes,5.9720001,1.5177,-.49599999
1091,female,yes,yes,12.972,1.5177,-.30399999
1092,female,no,yes,13.972,.3917,-.152
1095,female,no,no,2.9719999,.73500001,-.36899999
1095,male,no,no,8.9720001,.1582,-.36899999
1095,female,yes,yes,13.972,1.1404999,-.36899999
1096,male,no,no,5.9720001,1.5177,-.17399999
1096,male,yes,yes,11.972,1.5177,-.17399999
1096,male,no,yes,.972,2.4151001,-.17399999
1097,female,no,no,11.972,1.1404999,-.58999997
1098,male,yes,yes,-10.028,1.5177,-.29300001
