id,female,educate,AfricanAmerican,OtherEthnic,Latinx,income,immigrant,SameOpinions,CandidateSame
4,0,18,1,0,0,12,0,1,18.732189
5,0,18,0,1,0,10,1,1,18.358946
6,1,16,1,0,0,11,0,0,21.590763
7,0,18,0,1,0,6,1,1,19.313181
8,1,18,0,0,0,16,0,1,7.6781964
9,0,20,1,0,0,13,0,1,18.873369
11,0,20,1,0,0,9,0,0,18.173712
12,0,19,1,0,0,3,0,1,17.863478
13,1,15,0,0,0,8,0,1,11.075398
14,0,15,0,0,0,14,0,1,7.5164127
15,0,15,1,0,0,12,0,1,15.385284
16,0,18,0,0,1,19,0,1,14.390177
17,1,16,0,0,1,12,0,1,14.111973
18,0,16,0,0,1,16,0,0,18.807186
20,1,18,0,0,0,12,0,0,6.878931
21,1,15,1,0,0,7,0,1,20.981943
22,1,19,0,1,0,19,0,1,14.057083
25,1,19,0,0,0,10,0,0,8.0960617
26,1,18,0,0,0,13,0,1,5.5242639
27,0,15,1,0,0,11,0,1,21.056721
28,1,16,1,0,0,7,0,0,21.010181
29,1,18,0,0,0,4,0,1,9.2400084
30,1,15,0,0,0,8,0,1,10.679956
31,1,16,1,0,0,14,0,1,17.040806
32,1,15,0,0,0,17,0,0,8.9905014
34,0,19,0,0,0,19,0,1,7.0251245
35,1,18,0,0,0,10,0,0,12.262032
36,1,19,0,0,0,14,0,1,7.2991824
37,1,15,0,0,1,8,1,1,26.861553
38,0,19,1,0,0,12,0,0,17.083397
39,1,19,1,0,0,13,0,1,18.288033
40,1,17,1,0,0,7,1,0,16.502874
41,1,16,0,0,1,14,1,0,19.225634
42,0,17,1,0,0,8,0,1,18.702297
43,0,18,0,0,0,12,0,0,7.2745094
46,0,20,1,0,0,18,0,1,15.916313
47,0,16,0,0,1,7,1,0,35.186161
48,0,18,0,1,0,14,1,1,7.3516512
49,0,15,1,0,0,9,0,1,22.441345
50,0,15,0,0,0,1,0,0,15.463395
51,0,15,0,0,1,6,0,1,18.904966
53,1,19,0,0,0,15,0,1,6.3210764
54,1,15,1,0,0,10,0,0,17.422089
55,0,15,0,0,0,12,0,0,7.6655393
56,1,18,0,0,0,15,0,1,7.1790762
57,0,18,0,1,0,14,1,1,16.099894
58,1,16,0,0,0,18,0,1,8.7774124
60,1,17,0,0,0,6,0,0,10.405651
61,1,16,0,1,0,16,1,1,15.676258
62,1,18,0,0,1,13,1,0,14.510119
63,0,16,1,0,0,13,0,1,21.258287
64,1,18,0,0,0,19,0,0,7.6831861
65,0,19,0,0,0,11,0,1,9.5435591
66,1,19,1,0,0,12,0,1,18.118771
68,0,16,0,0,0,14,0,0,9.6364307
69,1,15,0,0,1,10,1,1,23.58777
70,1,8,0,0,1,8,1,0,10.993453
71,0,9,0,0,1,8,1,0,49.492039
72,1,16,1,0,0,16,0,1,21.123987
73,0,19,0,0,0,16,0,0,6.9861093
74,1,15,0,0,1,10,1,1,24.605022
75,1,16,1,0,0,11,0,0,20.00967
77,1,18,1,0,0,4,0,1,15.797242
78,0,9,0,0,1,11,1,0,22.306784
79,0,15,0,0,0,8,0,1,12.914177
80,1,18,0,0,0,11,0,1,8.7243938
81,1,16,0,0,0,12,0,1,8.4722776
82,0,15,0,0,1,6,0,1,17.474747
83,1,15,0,1,0,12,1,1,19.945969
84,0,13,1,0,0,9,0,0,21.674963
85,0,18,1,0,0,10,0,1,18.908028
86,0,17,0,0,1,13,0,1,18.558323
87,1,19,0,0,0,12,1,0,11.642686
88,1,14,0,0,1,7,1,1,31.131266
89,1,15,0,0,0,11,0,1,10.857448
90,1,15,0,0,0,6,0,1,10.049857
91,0,18,1,0,0,15,0,1,19.143511
92,0,16,1,0,0,11,0,1,19.373903
94,0,20,0,0,1,15,0,1,13.628413
95,1,20,1,0,0,19,0,1,19.669163
96,1,18,0,1,0,14,0,1,15.270682
97,0,15,0,0,1,12,1,0,19.065723
98,0,14,1,0,0,4,0,0,24.307259
99,0,15,1,0,0,1,0,0,23.010639
100,0,18,0,1,0,14,0,1,15.036989
102,0,19,0,0,0,12,0,1,11.627934
103,0,14,1,0,0,7,0,0,23.916807
104,0,15,0,0,1,8,1,1,20.015797
105,1,15,0,0,1,16,1,0,15.450946
108,1,15,0,0,0,14,0,1,10.071552
109,0,16,1,0,0,9,0,1,23.321701
110,0,17,0,0,0,13,0,1,11.314492
111,1,13,0,0,0,16,0,1,11.688864
112,0,15,0,0,1,7,1,0,27.229572
113,1,12,0,0,1,11,1,1,14.613932
114,1,18,0,1,0,11,1,1,15.008727
116,0,17,0,1,0,15,1,1,16.002924
117,1,16,1,0,0,8,1,0,17.687492
118,1,17,0,1,0,18,0,0,15.166455
120,0,17,1,0,0,4,0,1,19.027262
122,0,16,0,0,0,15,0,1,8.677206
124,1,19,0,0,0,11,1,1,5.5558372
126,1,16,0,0,0,12,1,1,11.334956
127,1,15,0,0,0,13,0,0,10.681609
129,0,18,1,0,0,16,0,1,17.620596
130,1,18,0,1,0,19,1,1,17.106602
131,1,16,1,0,0,1,0,1,22.481686
132,0,19,0,0,0,16,0,0,12.304547
133,1,16,1,0,0,12,0,0,19.87952
134,0,18,0,0,0,16,0,0,11.385908
136,0,16,0,0,1,15,0,1,15.418087
138,0,17,0,0,0,15,1,1,12.42024
139,0,15,0,0,0,6,0,1,14.122043
140,0,16,0,0,0,16,0,1,13.129209
141,0,7,0,0,1,1,1,1,11.642686
142,0,16,0,0,0,12,0,1,10.353502
144,0,15,0,0,1,9,0,1,33.34272
145,1,19,0,0,0,16,0,0,8.6581621
146,1,17,0,0,1,18,0,1,14.72162
148,1,16,0,1,0,16,1,1,12.643441
149,1,19,0,0,0,13,0,0,9.7550354
150,0,16,0,0,0,10,1,0,14.082617
151,0,17,0,0,1,19,0,1,15.877448
152,0,19,1,0,0,11,0,0,16.192997
153,0,16,0,0,0,11,0,0,11.742196
154,1,18,0,0,0,15,0,0,15.095392
155,0,18,0,0,0,16,0,1,8.4120541
156,1,16,0,0,0,12,0,1,10.406273
157,0,18,0,0,0,11,0,1,15.617147
158,0,18,0,0,0,12,0,0,9.162324
159,0,15,0,0,0,12,0,1,12.470045
160,1,19,0,0,0,18,0,1,4.6447802
161,1,18,1,0,0,18,0,1,15.356324
162,1,18,0,1,0,16,1,0,14.568757
163,1,15,0,0,0,13,0,0,11.978342
164,1,16,1,0,0,15,0,0,19.055435
165,1,18,1,0,0,16,0,1,20.566921
166,1,19,0,1,0,11,0,0,12.101393
167,0,19,0,0,0,19,0,0,8.5023508
168,0,10,0,0,1,10,1,1,28.638594
169,1,18,0,0,0,13,0,0,11.733102
170,1,16,1,0,0,1,1,1,20.014448
171,0,19,0,0,1,18,1,1,14.871021
172,1,16,1,0,0,7,0,0,19.037903
173,1,19,0,0,0,16,0,1,8.7693377
174,1,16,0,0,0,19,0,1,8.0908833
175,1,16,0,0,1,15,0,1,16.933367
176,1,12,1,0,0,9,0,0,18.460777
177,1,16,1,0,0,7,0,1,18.013189
178,0,15,0,0,0,13,0,0,11.476793
179,1,15,1,0,0,8,0,1,19.961391
180,0,19,0,0,0,12,0,1,6.4778361
181,0,19,0,0,0,14,0,1,10.538558
182,1,10,0,0,1,3,1,1,8.7819958
183,1,17,0,0,0,11,0,0,12.295026
184,1,19,0,0,0,16,0,0,8.451045
185,1,16,0,0,0,10,0,1,13.24915
186,1,15,1,0,0,11,0,1,18.121012
187,1,16,0,0,0,16,0,1,10.100617
188,0,15,0,0,0,8,0,1,14.114879
189,0,19,0,0,0,16,0,1,8.0448494
190,0,17,0,0,0,15,0,1,11.333523
191,0,18,0,0,1,16,0,0,19.992054
192,1,18,0,0,0,13,0,0,7.5505543
193,1,15,0,0,1,9,1,1,13.204909
194,0,16,0,0,0,11,0,0,7.1715193
195,1,16,0,0,0,19,0,0,8.2177925
196,0,20,1,0,0,13,0,1,15.972501
197,0,20,0,0,1,6,1,1,25.799227
198,1,18,0,0,0,15,0,1,8.8330612
201,1,17,0,0,0,9,0,1,10.038335
202,1,16,0,0,1,16,0,1,17.259985
203,1,18,0,1,0,13,0,0,17.449583
204,1,15,0,0,0,5,0,1,10.636777
205,0,16,0,0,1,13,0,0,20.156771
206,1,14,0,0,1,7,1,0,19.31806
207,0,18,0,1,0,8,1,0,10.212341
208,1,20,0,0,0,17,0,0,9.0245848
209,0,15,0,1,0,7,0,1,17.106602
210,0,18,0,0,0,12,0,1,8.3605499
211,1,16,1,0,0,7,0,1,18.312601
212,1,15,0,0,0,18,0,0,9.9463911
213,0,14,0,0,1,6,1,1,7.3516512
214,0,16,0,0,0,16,0,1,9.9629545
215,0,17,0,0,1,15,0,1,16.475203
216,1,20,0,0,0,15,0,1,10.274896
217,1,9,0,0,1,11,1,1,19.31806
218,1,18,0,1,0,18,0,0,17.957762
220,0,16,1,0,0,10,0,1,17.784485
221,0,14,1,0,0,14,0,1,20.143072
222,1,18,0,0,1,7,0,1,15.947597
223,0,18,0,0,1,13,1,0,56.126408
224,1,18,0,0,0,17,0,1,8.7452621
225,0,17,0,0,0,12,0,1,11.133664
226,1,16,1,0,0,11,0,0,17.688225
227,1,12,1,0,0,6,0,0,21.35317
228,0,18,0,0,0,13,0,0,10.690321
230,1,19,0,0,0,6,0,1,6.6633611
231,1,15,1,0,0,12,0,1,17.725475
232,1,16,0,0,0,16,1,1,9.037714
233,1,17,0,0,0,15,0,1,12.703783
234,0,19,0,0,0,7,0,1,8.8480663
235,0,15,0,0,1,15,1,1,23.58777
236,0,9,0,0,1,8,1,0,36.616505
237,0,18,0,0,0,15,0,0,15.126407
238,1,15,0,0,0,11,0,1,8.5128651
239,1,15,0,0,0,5,0,0,13.24249
240,0,19,0,1,0,5,1,1,17.560619
241,1,13,0,0,0,6,0,1,10.87962
242,1,19,0,1,0,9,1,1,18.136808
244,1,15,0,0,0,10,0,1,12.334768
245,1,18,0,0,1,15,0,1,16.598564
246,1,16,0,0,1,17,0,1,26.861553
247,1,15,1,0,0,6,0,0,20.912291
248,1,17,0,0,0,15,0,0,11.544849
249,1,19,0,0,1,16,1,1,16.325491
250,0,15,0,0,1,19,0,1,17.459812
251,0,19,1,0,0,12,0,1,19.995832
253,1,20,0,0,1,13,1,1,30.135336
254,1,15,1,0,0,6,0,1,17.658426
255,0,15,0,0,0,9,0,0,10.254785
256,0,16,0,0,1,13,1,0,20.748404
257,1,18,1,0,0,14,0,0,16.506199
258,0,20,0,0,0,7,1,0,8.8490028
259,0,18,1,0,0,14,1,1,16.867752
260,0,19,0,0,0,19,0,1,8.8017635
261,0,15,1,0,0,14,0,0,22.838348
262,0,15,0,0,1,11,1,0,18.536947
263,1,18,0,0,0,17,0,1,9.4631605
264,0,17,0,0,0,11,0,1,13.612561
265,0,10,0,0,1,5,1,1,26.646736
267,0,17,1,0,0,8,0,1,26.795156
268,0,17,0,1,0,16,0,1,18.351576
269,0,16,0,0,0,13,0,1,10.108011
270,0,18,0,1,0,19,0,1,11.193696
271,1,20,0,0,0,18,0,1,3.8481069
272,0,15,0,0,1,8,1,0,26.21232
273,1,16,0,0,1,15,0,1,16.108549
274,1,17,1,0,0,10,0,0,19.538788
275,1,7,0,0,1,4,1,1,28.098404
276,0,15,1,0,0,13,0,1,19.276747
277,1,19,1,0,0,14,1,0,10.191018
278,0,19,1,0,0,19,1,1,15.620126
279,0,16,0,0,0,16,0,0,10.834475
280,0,15,1,0,0,14,0,0,19.146595
281,0,17,1,0,0,13,0,1,22.633696
282,1,16,1,0,0,12,1,1,17.10556
283,0,16,1,0,0,13,0,1,18.913704
285,1,15,1,0,0,10,0,1,15.87928
286,1,15,1,0,0,9,0,1,16.443062
287,1,16,1,0,0,4,0,1,19.662186
288,0,16,1,0,0,8,0,1,20.021229
289,1,15,0,0,0,10,0,1,10.419654
290,1,19,0,0,0,16,0,0,7.6681519
291,0,8,0,0,1,4,1,1,29.70092
292,0,18,1,0,0,10,0,1,17.292324
293,1,18,0,0,0,15,0,1,10.525236
294,1,15,0,0,1,9,0,0,19.945969
295,0,20,0,0,0,15,0,0,7.8964224
296,1,14,0,0,1,8,1,0,13.854142
297,1,18,0,0,1,15,1,1,20.748404
298,0,15,1,0,0,11,0,0,17.664379
299,0,16,0,0,0,12,0,0,14.842772
300,1,16,0,0,0,1,0,0,10.905516
302,1,19,0,1,0,12,0,0,15.225106
303,0,18,1,0,0,17,0,1,17.167896
304,1,19,0,0,0,17,0,1,4.1456599
305,0,17,1,0,0,18,0,1,18.291187
306,1,16,0,0,0,11,0,0,10.690046
307,1,10,0,0,0,12,0,1,11.648769
308,1,15,0,0,0,9,0,1,11.635845
309,1,15,0,0,0,4,0,1,10.567125
311,1,15,0,0,0,10,0,1,10.815096
312,1,16,1,0,0,12,0,0,19.273386
315,0,15,0,0,1,4,0,1,17.512787
316,1,16,0,0,0,16,0,1,10.296257
317,1,18,1,0,0,12,0,1,18.11367
318,0,18,1,0,0,10,1,0,20.984077
319,0,18,0,0,0,5,0,0,15.02784
320,1,15,1,0,0,13,0,1,19.744268
321,0,19,0,1,0,16,1,1,7.3516512
323,1,16,0,0,1,11,0,0,22.95986
324,0,15,0,0,1,13,1,1,27.36145
325,1,16,0,0,0,14,0,0,9.904151
326,0,15,0,0,1,10,1,1,33.34272
328,1,18,0,0,0,10,0,1,9.856122
329,0,9,0,0,1,7,1,1,29.073009
330,1,18,0,1,0,11,1,1,7.3516512
331,0,18,1,0,0,11,0,0,20.420294
332,0,16,0,0,0,13,0,1,12.329849
335,0,19,0,0,1,12,1,1,24.583698
336,0,17,0,0,1,13,1,0,9.5631084
337,0,15,1,0,0,11,0,0,20.922501
338,1,19,0,0,1,16,0,0,16.339293
339,1,16,1,0,0,7,0,1,20.362028
340,0,18,0,1,0,15,1,1,17.106602
341,0,15,0,0,0,9,0,1,11.168323
342,1,19,0,0,0,15,0,1,5.492002
343,1,19,0,0,1,13,0,0,14.385163
344,1,16,0,0,0,15,0,1,12.20721
346,1,15,0,0,1,5,1,0,15.263165
347,0,18,0,0,0,14,0,0,7.3516512
349,1,8,0,0,1,11,1,0,23.81798
350,1,16,0,0,0,13,0,0,14.24415
351,0,17,0,0,1,17,1,0,13.986021
352,0,11,0,0,1,7,1,0,13.986021
353,0,16,0,0,0,14,0,1,12.069641
354,0,19,1,0,0,17,0,1,19.368214
355,1,15,0,0,0,10,0,0,9.1569471
356,0,16,0,0,1,12,1,0,15.676258
357,1,17,0,0,1,16,0,0,19.831932
358,0,9,0,0,1,8,1,1,29.073009
359,0,15,0,0,0,9,0,0,13.946538
360,1,17,0,0,0,10,0,1,13.277389
361,0,16,0,0,1,12,1,1,17.117428
362,0,15,1,0,0,18,0,0,17.801081
363,0,12,0,0,0,8,0,0,11.086945
364,0,15,0,0,1,10,1,0,36.616505
366,1,10,0,0,1,8,1,1,30.503355
367,0,16,0,0,1,16,0,1,15.115434
368,0,10,0,0,1,8,1,1,21.548485
369,0,9,0,0,1,8,1,0,17.453299
370,1,10,0,0,1,10,1,1,30.482033
371,0,18,0,1,0,13,0,0,15.923321
372,0,16,0,0,0,11,0,0,10.42964
373,0,15,0,0,1,11,1,1,15.048347
374,0,15,0,0,1,16,1,1,25.799227
375,0,17,0,0,1,9,1,0,28.291899
376,0,7,0,0,1,9,1,1,10.191018
377,1,16,0,0,1,9,0,1,12.423798
378,0,20,0,0,0,3,0,1,12.332479
379,0,15,0,0,1,11,1,1,26.861553
380,0,15,0,0,1,8,1,1,31.912376
381,0,16,0,0,1,10,0,1,19.522511
382,0,16,0,0,0,11,0,1,17.509907
383,0,15,1,0,0,19,0,1,17.670929
384,1,15,0,0,1,6,0,0,35.186161
385,1,18,0,0,0,18,0,1,8.1084929
386,0,16,0,0,1,19,0,1,16.278679
387,0,18,0,0,1,16,0,1,15.571422
388,1,16,0,0,0,9,0,1,10.578042
389,1,19,0,0,0,18,0,1,9.9673815
390,0,16,0,0,0,10,0,0,8.2267752
391,0,11,0,0,1,4,0,1,7.3516512
392,1,19,0,0,0,12,0,0,8.9716492
393,0,15,0,0,0,11,0,1,12.03225
394,0,15,0,0,0,15,0,0,12.99313
395,0,9,0,0,1,8,1,0,20.727081
396,1,9,0,0,1,1,1,0,26.861553
397,1,15,0,0,1,4,1,0,24.368883
398,0,19,0,0,0,13,0,1,9.5213423
399,0,15,0,0,1,11,1,1,23.58777
400,1,16,0,0,0,19,0,0,9.648838
401,1,15,0,0,1,6,0,1,14.012523
402,1,13,1,0,0,7,0,1,21.316748
404,0,9,0,0,1,10,1,0,22.95986
405,1,15,1,0,0,11,0,0,17.698269
406,1,16,0,0,1,6,0,0,18.104727
407,0,16,1,0,0,9,0,1,19.891077
408,1,15,0,0,1,11,1,1,21.723009
409,1,16,0,0,1,12,1,0,9.5631084
410,0,13,0,0,1,10,1,1,26.277512
411,1,15,1,0,0,12,1,1,34.471447
412,0,15,0,0,1,10,1,0,19.31806
413,0,16,1,0,0,5,0,0,18.89201
414,1,11,0,0,1,4,1,1,27.208248
415,1,16,0,0,1,10,1,0,8.7819958
416,1,18,0,1,0,6,1,0,16.783806
417,1,19,0,0,1,13,1,1,13.955694
418,1,18,0,0,0,14,0,0,13.417779
419,1,14,0,0,0,8,0,1,8.0691423
420,1,11,0,0,1,8,0,0,10.625435
421,1,15,0,0,0,1,0,1,13.367651
422,1,15,0,0,0,2,0,1,12.642933
423,0,10,0,0,1,9,1,0,11.642686
424,0,7,0,0,1,1,1,1,20.452751
426,0,15,0,0,1,11,0,1,17.300097
427,1,8,0,0,1,3,1,1,18.515625
428,0,17,0,0,0,14,0,0,11.045864
429,1,7,0,0,1,7,1,1,30.503355
430,0,16,1,0,0,11,0,1,17.654335
431,0,15,0,0,0,17,1,0,13.561901
432,0,18,0,0,0,14,0,1,8.5338793
433,0,8,0,0,1,7,1,0,26.861553
434,0,16,0,0,0,15,0,0,9.8245726
435,0,16,1,0,0,8,1,1,23.532488
436,0,14,1,0,0,8,0,1,21.180943
437,1,17,0,0,0,14,0,1,9.3031168
438,1,15,0,0,1,4,1,1,27.642666
440,1,15,0,0,1,13,1,1,13.30127
441,0,18,0,1,0,14,0,1,18.271973
443,0,9,0,0,1,7,1,0,25.018116
444,0,20,0,1,0,17,1,0,7.3516512
446,1,13,1,0,0,2,0,0,20.029343
448,1,15,0,0,1,2,1,1,24.473419
449,1,19,0,1,0,15,0,1,14.895145
450,0,16,0,0,1,11,0,0,19.31806
451,0,18,0,0,0,12,0,0,12.735587
452,1,15,1,0,0,8,0,0,19.704426
453,0,15,0,0,1,10,0,1,16.581837
454,1,15,0,0,1,13,0,0,15.707179
455,1,12,1,0,0,1,0,1,18.638885
456,0,15,0,0,1,9,1,1,7.3516512
457,1,9,0,0,1,6,1,1,24.368883
458,1,15,0,0,1,10,1,1,19.31806
459,1,17,0,0,1,14,0,0,15.203941
460,0,19,0,0,0,18,0,1,6.1536989
461,0,11,0,0,1,4,1,0,16.044277
462,0,18,0,0,0,12,0,1,10.904936
463,0,19,0,0,0,17,0,0,10.343745
464,0,11,0,0,1,10,1,1,36.616505
465,1,15,0,0,1,7,1,1,15.416367
466,1,15,0,0,1,5,1,0,19.31806
467,1,17,1,0,0,12,0,0,15.675361
468,1,19,0,0,0,16,0,1,10.227683
469,1,7,0,0,1,11,1,1,32.32547
471,1,12,0,0,1,7,1,1,36.616505
472,0,16,1,0,0,13,0,0,20.556124
473,1,13,0,0,0,4,0,0,12.73258
475,0,8,0,0,1,9,1,0,17.755835
476,1,17,0,1,0,9,0,1,16.08884
477,0,16,0,0,0,12,0,0,13.365546
478,0,15,0,0,0,15,0,1,11.407874
479,1,18,0,0,1,8,1,1,21.744333
480,0,16,0,0,0,13,0,1,12.256955
481,1,18,1,0,0,14,0,1,16.644676
482,1,12,1,0,0,8,0,1,19.638685
483,1,18,0,0,0,17,0,1,7.1144137
484,0,16,0,0,0,1,0,1,14.938742
485,0,18,1,0,0,14,0,1,20.816469
486,0,15,0,0,0,15,0,1,12.302531
487,1,15,1,0,0,3,0,1,19.959738
488,1,15,0,0,0,12,0,0,7.8106055
489,1,16,0,0,0,13,0,1,7.5130525
490,1,19,0,1,0,19,0,0,16.325491
491,1,18,0,0,0,14,0,0,10.259945
492,1,10,0,0,1,7,1,1,22.157425
493,0,15,1,0,0,1,1,1,14.038731
494,1,15,0,0,0,7,0,1,11.205549
495,0,16,1,0,0,18,0,1,18.262949
496,0,15,0,0,1,12,1,1,31.912376
497,1,15,0,1,0,10,0,1,18.610775
498,0,15,1,0,0,14,0,0,17.040096
499,0,15,0,0,1,9,1,0,24.368883
500,1,18,0,0,1,12,0,0,18.742611
502,1,16,0,0,0,7,0,1,12.687877
503,0,18,0,0,0,17,0,0,10.626486
504,1,9,1,0,0,5,1,1,21.655668
505,1,7,0,0,1,8,1,1,51.703495
506,0,15,0,0,1,11,1,1,23.868984
507,1,11,1,0,0,1,0,1,20.851458
508,1,10,0,0,1,6,0,1,17.106602
509,1,16,1,0,0,16,0,0,19.01391
510,1,19,0,1,0,13,1,1,13.899218
511,0,15,0,0,1,4,1,0,33.34272
512,1,15,1,0,0,11,0,1,22.349154
513,1,15,0,0,0,9,0,1,9.8932333
514,0,14,0,0,0,9,0,1,12.855397
515,1,16,1,0,0,12,0,0,16.453152
516,1,16,0,0,0,13,0,1,12.796694
517,1,19,0,1,0,16,1,1,12.141235
518,0,15,0,0,1,15,1,1,24.368883
519,0,16,0,1,0,6,0,1,15.676258
520,0,13,0,0,1,8,1,0,22.317076
521,1,18,0,0,1,12,0,1,13.163044
522,1,16,0,0,0,10,0,0,11.706434
523,1,15,0,0,0,11,1,0,11.133294
524,1,9,0,0,1,4,1,1,36.616505
525,0,16,0,0,0,16,0,0,11.352571
526,1,18,0,0,0,16,0,1,9.5933113
527,0,15,0,0,0,8,0,0,12.499854
528,1,16,0,0,1,12,0,0,14.806828
529,0,16,1,0,0,9,0,1,21.863356
530,1,15,1,0,0,6,0,0,17.262985
531,1,15,0,0,0,11,1,0,10.625435
532,1,15,0,0,0,5,0,1,14.071564
533,0,16,0,0,1,12,1,1,19.200882
534,1,9,0,0,1,11,1,0,35.186161
535,1,15,0,0,1,7,1,1,17.887714
536,0,15,0,0,0,15,0,1,11.45032
537,1,12,0,0,1,8,1,1,17.106602
538,0,12,0,0,1,10,1,1,36.616505
539,0,11,0,0,1,8,1,0,37.464016
540,1,9,0,0,1,1,1,0,30.503355
541,1,15,0,0,1,15,0,1,17.106602
542,1,16,0,0,0,16,0,0,7.9789743
543,1,15,0,0,0,11,0,1,7.5112877
545,0,8,0,0,1,6,1,0,31.544359
546,0,12,0,0,1,14,1,0,7.3516512
547,1,9,0,0,1,11,1,0,25.43121
548,1,17,0,0,0,14,0,0,9.1919413
549,0,11,0,0,1,8,1,0,17.106602
550,0,15,0,0,1,12,1,0,19.945969
552,1,10,0,0,1,12,0,1,21.744333
553,0,18,1,0,0,15,0,1,21.119951
554,1,11,0,0,1,8,1,0,20.748404
555,1,8,0,0,1,6,1,1,22.157425
556,0,16,0,0,1,12,0,1,26.21232
557,1,7,0,0,1,10,1,1,17.106602
558,0,11,0,1,0,11,1,0,35.186161
560,0,20,1,0,0,18,1,1,18.717665
561,1,15,0,0,1,8,1,1,15.241841
564,0,16,0,0,0,6,0,1,8.8087053
565,0,19,1,0,0,5,0,1,17.303764
566,1,11,0,0,1,9,0,1,33.34272
567,1,10,0,0,1,4,1,1,7.3516512
568,0,16,1,0,0,17,0,1,16.639599
569,0,18,0,0,0,12,0,0,6.8450408
570,0,19,0,0,0,10,0,1,11.070729
571,1,15,0,0,0,8,0,1,9.6170521
573,1,19,0,1,0,16,1,1,15.744362
575,1,18,0,0,0,15,0,1,9.4391956
576,0,17,0,1,0,9,0,1,16.69351
577,0,16,1,0,0,7,0,1,19.890249
578,0,15,0,0,1,2,1,0,18.536947
580,0,11,0,0,1,7,0,1,10.212341
581,1,20,1,0,0,19,1,1,14.65754
582,1,18,0,0,1,13,0,1,16.267878
583,1,17,0,0,0,11,0,1,11.309273
585,0,12,0,0,1,10,1,1,7.3516512
586,1,17,0,0,1,14,1,0,22.807148
587,0,17,0,0,0,7,0,0,15.96271
588,1,16,1,0,0,10,0,1,21.05336
589,1,15,0,0,1,13,1,0,13.044303
590,1,15,0,0,1,8,1,1,19.339382
591,0,15,1,0,0,18,0,1,15.633256
592,0,14,0,0,1,13,1,1,19.388165
594,1,16,0,0,1,18,0,0,14.762113
595,1,15,1,0,0,8,0,0,19.643099
596,1,9,0,0,1,9,1,0,26.861553
597,1,13,1,0,0,4,0,1,21.250431
598,0,18,0,0,0,17,0,0,12.291948
600,0,18,1,0,0,9,0,1,20.185545
601,1,16,0,0,0,14,0,1,12.33736
602,1,19,0,0,0,19,0,0,5.9729748
604,1,11,0,0,1,4,1,0,14.613932
605,1,17,1,0,0,13,0,1,20.211239
606,1,18,0,0,0,17,0,0,14.128669
607,0,15,0,0,1,13,1,0,30.135336
608,0,15,1,0,0,13,0,1,20.796417
609,1,16,1,0,0,11,0,0,18.317497
610,1,19,0,0,0,16,0,1,12.304318
611,1,15,1,0,0,12,0,1,18.78838
612,0,20,0,0,0,16,0,1,8.5067186
613,1,15,0,0,0,10,0,1,9.986022
614,0,18,0,0,0,14,0,1,9.1018248
615,1,15,1,0,0,8,0,1,21.481064
616,1,9,0,0,1,8,1,0,9.5631084
617,0,20,1,0,0,14,1,1,10.212341
618,1,18,0,0,0,5,1,1,13.486124
619,0,16,0,0,0,8,0,0,12.217113
621,0,14,0,0,1,11,1,0,36.616505
622,1,16,0,0,0,17,0,0,10.438803
623,0,16,0,0,1,13,0,1,18.702587
624,1,15,0,0,1,11,1,1,8.7819958
625,0,18,1,0,0,14,0,1,18.816893
626,0,15,0,0,1,13,0,1,26.861553
627,0,15,0,0,1,7,1,0,27.663988
628,1,19,1,0,0,12,0,1,19.204811
631,1,15,0,0,0,7,0,1,11.205549
632,0,15,0,0,0,4,0,1,12.214428
633,0,16,0,0,1,18,1,0,15.676258
635,1,15,1,0,0,2,0,0,19.069431
636,0,17,0,0,0,2,0,0,12.489187
637,0,16,0,0,1,18,0,0,15.941172
638,0,18,1,0,0,12,0,1,17.818651
639,0,16,0,0,1,8,1,1,27.642666
640,0,19,0,0,0,16,0,0,11.609693
641,0,8,0,0,1,7,1,0,26.861553
642,1,11,0,0,1,8,1,1,34.405048
643,1,11,0,0,1,7,1,0,29.073009
644,0,13,1,0,0,5,0,1,29.758886
648,1,15,0,0,1,1,1,1,35.186161
649,1,15,0,0,0,10,0,1,13.155423
650,0,16,1,0,0,14,0,1,19.608465
651,0,15,1,0,0,10,0,1,18.880571
652,1,16,0,0,1,8,1,0,17.474621
653,0,11,0,0,1,7,0,0,24.716026
654,0,9,0,0,1,8,1,1,25.018116
655,0,19,1,0,0,13,0,1,19.04077
656,0,15,0,0,1,7,1,0,15.676258
657,1,15,0,0,1,5,0,0,26.3475
658,0,15,0,0,1,7,1,0,19.31806
659,0,15,0,0,1,13,1,0,17.461494
661,0,20,0,1,0,16,1,0,16.304169
662,0,20,0,1,0,16,1,0,11.310672
663,1,18,0,1,0,16,1,0,15.482295
665,0,20,0,0,0,15,0,1,5.29071
666,1,11,0,0,0,5,0,1,16.122368
667,1,18,0,1,0,15,0,0,10.723476
668,0,18,0,1,0,11,0,1,15.231803
669,0,15,0,0,0,10,0,1,10.64273
671,0,19,0,1,0,17,1,1,12.763823
673,0,15,0,0,0,14,0,1,13.514466
674,0,15,0,0,1,9,1,0,20.672274
675,1,19,0,1,0,17,0,0,13.626787
676,1,18,0,1,0,14,0,1,17.062466
677,1,18,0,0,0,12,0,1,8.8512087
678,0,19,0,0,0,16,0,0,9.5031948
679,0,18,0,0,1,17,1,1,19.31806
680,0,18,0,0,0,11,0,0,8.4907007
681,0,15,1,0,0,15,0,1,23.276142
682,0,19,1,0,0,19,0,1,17.630592
684,0,17,1,0,0,13,0,1,18.117031
685,0,17,0,1,0,1,0,0,18.654112
686,0,13,0,0,0,12,0,1,10.026633
689,0,19,0,1,0,16,1,0,16.600872
690,1,18,0,1,0,15,1,0,17.106602
691,1,16,1,0,0,14,0,1,15.425103
692,0,18,0,1,0,15,1,0,16.304169
693,0,18,1,0,0,15,0,1,17.49378
694,0,18,1,0,0,6,0,1,19.056326
695,0,20,0,1,0,10,1,1,21.376314
697,1,14,1,0,0,10,0,0,20.497763
698,0,18,0,1,0,15,1,0,16.269154
699,0,10,0,0,1,13,0,1,17.796141
700,1,15,0,0,1,17,0,0,16.87875
701,0,15,1,0,0,12,0,1,18.320856
702,0,15,1,0,0,13,0,1,20.362787
703,1,16,0,1,0,13,1,1,13.206397
704,1,17,0,1,0,11,1,1,12.865664
705,0,7,0,1,0,15,1,1,15.355495
706,0,18,0,1,0,15,0,0,16.337883
707,0,19,1,0,0,18,0,1,16.241072
708,0,18,0,0,1,16,0,1,13.265121
709,0,15,0,0,1,12,0,1,14.306811
710,0,16,0,1,0,8,0,0,16.68594
712,0,19,0,1,0,13,1,1,14.21311
713,0,15,0,0,1,13,0,1,15.635006
714,1,18,1,0,0,17,0,0,19.178228
715,1,14,0,0,1,14,0,1,17.893373
716,1,15,0,0,0,13,0,0,6.4219117
717,0,15,0,0,0,8,0,1,7.0387759
718,1,18,0,1,0,19,1,0,11.774565
719,0,16,1,0,0,13,0,1,16.369411
720,0,19,0,0,0,16,0,1,9.3647184
721,0,18,0,1,0,11,1,1,17.106602
722,0,18,0,1,0,17,0,0,17.252249
723,1,17,0,0,1,10,1,1,16.45759
724,0,19,0,1,0,15,1,0,24.803299
725,0,18,0,1,0,4,0,1,17.858171
726,0,18,0,1,0,14,1,1,19.31806
727,1,14,1,0,0,10,0,0,17.723711
728,0,19,0,1,0,10,0,1,17.995905
729,0,15,1,0,0,3,0,0,19.791628
730,1,18,0,1,0,11,0,1,15.104173
731,1,15,0,0,1,7,0,1,11.774565
732,0,20,0,0,1,17,1,0,14.734161
733,0,15,0,1,0,3,1,1,16.951975
735,0,20,0,1,0,16,1,1,17.106602
736,1,20,0,1,0,19,1,0,19.945969
737,0,19,0,0,0,17,0,0,8.1989641
738,0,16,0,1,0,1,0,1,17.73131
739,0,18,0,1,0,10,1,0,17.106602
740,0,20,0,0,0,17,0,0,4.4011364
741,0,16,1,0,0,13,0,1,20.629017
742,1,15,0,0,1,16,0,1,15.512365
743,0,17,0,0,1,13,0,0,12.503106
744,0,20,0,0,0,16,0,1,4.5312872
745,1,19,0,1,0,19,0,0,13.366486
746,0,16,0,1,0,18,0,0,19.862812
748,0,15,0,0,0,14,0,1,10.974337
749,0,18,1,0,0,15,0,1,19.600279
750,1,19,0,1,0,17,1,0,15.441709
751,0,19,0,1,0,19,0,1,14.690747
752,1,11,1,0,0,19,0,1,19.510317
753,1,16,0,1,0,16,1,1,14.815522
754,1,14,1,0,0,1,0,1,19.996256
755,1,18,0,1,0,15,0,0,14.955874
756,1,18,0,1,0,10,1,0,15.172997
758,1,15,0,0,0,3,0,0,8.095727
759,0,18,0,0,0,18,0,0,10.239369
760,1,20,0,1,0,16,0,0,14.280135
761,1,20,1,0,0,15,0,1,17.403559
762,1,16,0,1,0,13,1,1,12.800065
763,0,19,1,0,0,19,0,1,16.076895
764,0,19,0,1,0,16,1,1,14.895145
765,0,19,0,1,0,12,1,1,11.774565
766,1,18,0,1,0,18,1,0,14.093507
768,0,19,0,1,0,11,0,1,16.188725
769,0,15,1,0,0,7,0,1,20.257456
770,1,18,0,1,0,18,1,0,21.376314
771,0,19,0,1,0,17,1,1,10.212341
772,1,16,0,1,0,8,0,0,18.239502
773,0,19,0,1,0,17,1,0,15.64581
774,1,15,0,0,0,14,0,0,11.568337
775,0,18,0,0,0,19,0,0,10.488837
776,1,20,1,0,0,17,0,1,18.325329
777,0,15,0,0,0,4,0,1,15.721522
779,1,15,0,0,0,12,0,1,10.554794
780,1,19,0,0,0,19,0,0,3.8853579
782,1,18,0,1,0,16,1,1,13.394678
783,1,20,0,1,0,19,1,1,15.40519
784,1,15,1,0,0,13,0,0,22.088852
786,1,17,1,0,0,16,0,1,19.119299
787,0,15,0,0,1,6,1,0,17.865932
788,0,16,0,0,1,17,0,1,15.875684
789,1,18,0,1,0,18,1,1,17.094662
790,0,14,0,0,1,6,0,1,23.916477
791,1,16,1,0,0,7,0,1,18.051472
793,1,13,0,1,0,4,1,0,17.106602
794,1,15,0,0,0,13,0,1,11.867844
795,0,13,0,0,1,11,1,0,25.552794
796,0,19,0,1,0,17,1,0,7.3516512
797,0,17,0,1,0,14,0,0,11.621363
798,1,15,0,0,0,2,0,0,11.38439
799,1,16,0,1,0,16,0,0,13.23443
800,0,19,0,1,0,14,1,0,7.3516512
802,1,19,0,1,0,17,1,1,13.273791
803,1,15,0,0,0,10,0,1,8.27071
804,1,16,0,0,0,9,0,1,11.863886
805,0,19,0,0,0,14,0,0,8.1939754
806,0,17,0,1,0,14,1,0,17.525837
807,0,18,0,1,0,19,0,1,16.101545
808,0,18,0,0,1,11,0,0,15.393103
809,1,15,0,0,0,10,0,0,12.507271
810,1,20,1,0,0,8,1,1,18.829226
811,0,18,0,1,0,14,1,1,26.861553
812,0,18,0,1,0,11,1,0,17.142754
813,1,15,0,1,0,5,1,0,22.95986
814,0,17,1,0,0,10,0,0,19.643373
815,0,18,0,1,0,13,1,1,24.650097
817,0,18,0,1,0,11,1,0,15.070282
818,0,20,0,1,0,14,1,0,18.536947
819,1,19,0,0,0,19,0,0,9.4649248
820,1,12,0,0,1,12,0,0,18.688282
821,0,16,1,0,0,4,0,1,21.539246
822,0,16,0,1,0,15,0,0,15.774883
824,0,15,0,0,1,12,0,1,7.3516512
825,1,18,0,1,0,6,1,0,15.916449
826,0,16,0,1,0,10,0,1,7.3516512
827,1,19,0,0,0,8,0,0,7.661602
828,0,13,0,0,1,13,0,1,18.486895
829,1,16,0,0,0,17,0,1,8.4780951
830,1,19,0,0,0,18,0,1,8.7088385
831,0,16,0,0,1,19,0,1,17.72188
832,0,16,1,0,0,6,0,1,22.798616
833,1,15,0,1,0,13,0,1,14.789699
835,1,17,0,0,0,16,0,1,10.785427
836,0,15,0,0,1,4,1,1,9.5631084
837,0,7,0,0,1,10,1,0,7.3516512
838,1,15,0,0,0,10,0,1,9.3567505
839,0,16,0,0,0,13,0,1,11.052425
840,0,16,0,0,0,14,0,0,13.224412
841,0,16,0,0,0,9,0,1,10.874012
842,0,18,0,0,0,15,0,0,13.288442
843,1,18,0,1,0,16,1,1,15.24421
844,0,18,0,0,0,16,0,1,7.2106743
845,1,15,0,0,1,11,0,1,16.401114
846,0,18,0,1,0,3,1,0,7.3516512
847,1,15,0,0,1,7,0,1,15.624984
848,0,15,1,0,0,7,0,1,20.886726
849,0,15,0,0,1,14,1,1,29.70092
850,0,19,0,1,0,12,0,1,16.672699
851,1,18,0,1,0,16,0,0,13.267769
852,0,16,1,0,0,13,0,1,21.88756
853,1,18,0,0,0,17,0,0,10.917342
854,0,16,0,0,0,19,0,1,10.462903
855,0,18,0,0,0,13,0,0,11.922152
856,0,15,1,0,0,9,0,1,21.77379
857,0,18,0,1,0,15,0,1,15.406054
858,1,8,0,1,0,10,1,1,17.265503
859,0,18,1,0,0,18,0,1,19.643457
860,1,18,0,1,0,14,1,1,17.047321
861,1,13,0,0,1,12,0,1,18.777845
862,1,15,1,0,0,16,0,1,16.257307
863,0,18,0,0,0,19,0,0,7.8217978
864,1,15,0,0,0,11,0,0,10.941912
865,0,19,0,0,1,14,0,0,15.142063
867,1,18,0,1,0,17,1,0,12.965115
868,1,18,1,0,0,4,0,0,18.893749
869,0,15,0,0,0,11,0,1,9.2267351
870,0,18,0,0,0,11,0,1,13.579473
871,0,18,0,1,0,13,1,1,17.316084
872,0,15,0,0,1,13,0,1,17.845369
873,1,18,0,0,0,17,0,0,9.0908546
875,1,18,0,0,1,19,0,1,14.857699
876,1,16,1,0,0,10,1,1,20.239431
877,0,20,0,1,0,19,0,1,14.223933
878,0,16,0,0,1,4,0,1,7.3516512
879,0,15,0,0,1,14,1,1,19.23489
880,0,15,0,0,0,11,0,1,9.4265385
881,1,15,0,0,0,13,0,1,12.158835
882,0,15,0,0,0,15,0,1,10.015111
883,1,16,0,0,0,7,0,1,9.9521074
884,0,20,0,1,0,15,1,0,12.070094
885,1,17,0,1,0,9,1,1,17.887714
886,1,15,0,1,0,2,0,1,26.861553
887,0,14,0,0,1,13,1,1,18.837589
888,1,18,0,1,0,8,1,0,16.742188
889,0,11,0,0,1,2,0,0,56.126408
890,1,14,0,0,1,8,1,0,19.265268
891,1,15,0,1,0,1,0,0,18.327951
892,1,11,0,0,1,9,1,0,11.642686
894,1,15,0,1,0,8,1,1,15.935505
895,0,16,0,0,0,17,0,1,8.0445986
896,0,15,1,0,0,10,0,1,17.794531
897,0,15,0,0,0,13,0,1,11.27699
898,1,15,0,0,1,6,1,1,17.447309
899,1,17,1,0,0,8,0,1,18.974178
900,1,11,0,0,1,10,0,1,17.887714
901,0,15,0,0,0,8,0,1,10.841705
902,0,14,0,0,1,15,1,1,15.676258
904,1,18,0,1,0,18,1,1,18.950041
905,0,20,0,0,1,18,0,1,15.075925
906,0,16,0,0,0,13,0,1,11.036602
907,1,16,1,0,0,7,0,1,21.443813
908,1,19,0,1,0,15,1,1,11.442312
910,0,15,1,0,0,19,0,0,20.015512
911,0,20,0,1,0,19,1,1,17.067732
912,1,15,0,0,0,11,0,1,10.028374
913,0,19,0,1,0,12,0,1,18.994144
915,0,16,0,0,1,15,0,1,15.211558
916,1,18,0,1,0,17,0,0,15.352144
917,0,15,1,0,0,10,0,1,12.867372
918,1,15,1,0,0,13,0,1,19.310637
919,0,17,0,0,1,15,1,1,15.676258
920,1,18,0,0,1,15,0,0,14.453876
921,1,15,0,1,0,9,1,1,18.536947
922,1,16,0,0,0,13,0,0,10.886513
923,1,15,1,0,0,10,0,0,19.348093
925,0,20,0,1,0,7,1,1,7.3516512
926,0,16,0,1,0,6,1,1,14.895145
927,0,18,0,1,0,19,0,0,17.202732
928,0,18,1,0,0,17,0,1,17.797167
929,1,19,0,1,0,13,1,1,13.617729
930,1,18,0,1,0,16,1,1,26.861553
932,0,17,0,0,0,15,0,1,11.138654
933,0,15,0,0,1,13,1,0,17.807087
934,1,12,1,0,0,4,0,1,18.048628
935,1,17,0,1,0,8,1,1,16.94787
936,1,18,0,1,0,14,1,0,14.813914
937,0,19,0,1,0,15,1,1,16.731024
938,1,20,0,1,0,15,1,1,13.79616
939,1,15,0,0,0,13,0,1,10.719799
940,1,10,1,0,0,2,0,1,20.125124
941,1,10,0,0,1,6,0,1,22.97916
943,1,18,0,0,0,16,0,0,8.6184473
944,1,19,0,1,0,14,1,1,17.106602
945,0,12,0,0,1,4,1,1,22.525444
946,0,19,0,0,0,11,0,0,8.5231018
947,0,19,0,1,0,7,1,1,19.053911
949,0,19,0,0,1,19,1,1,17.106602
952,0,15,1,0,0,12,0,0,19.840528
953,0,16,0,1,0,14,0,0,26.861553
954,0,18,0,1,0,15,0,1,17.51255
955,0,18,0,1,0,19,0,1,20.595074
956,0,17,0,0,0,16,0,0,11.875766
957,1,18,0,1,0,13,0,1,17.326931
958,0,18,0,0,0,14,0,1,7.4709764
960,0,16,0,0,1,16,1,1,15.453712
961,1,15,1,0,0,12,1,1,19.183821
962,1,15,0,0,0,16,0,1,8.1190758
963,1,15,0,0,0,7,0,1,12.939742
964,0,16,1,0,0,11,0,1,20.716816
965,0,17,0,0,1,17,0,0,16.533192
966,0,18,0,1,0,11,1,0,17.541019
967,1,15,0,0,0,12,0,1,8.7010059
968,0,20,0,1,0,1,0,1,14.717119
969,0,15,1,0,0,9,0,1,17.752178
970,0,16,0,0,1,16,0,1,16.201473
971,1,16,1,0,0,13,0,1,17.884691
972,0,17,1,0,0,12,1,1,19.505726
973,0,16,0,0,0,14,0,0,10.817824
974,1,19,0,1,0,12,0,1,13.291111
975,0,18,0,1,0,17,0,1,14.189768
976,1,18,0,0,0,19,0,0,6.7696481
977,0,19,0,0,0,18,0,0,9.4002504
978,0,16,0,1,0,10,1,0,17.106602
979,0,18,0,1,0,7,1,1,14.46073
980,0,14,1,0,0,13,0,1,19.643951
981,1,18,0,1,0,12,0,0,12.829242
982,1,17,0,0,0,17,0,0,11.322737
983,1,19,0,1,0,15,1,1,13.529929
984,0,19,1,0,0,10,1,1,19.197395
985,0,20,0,1,0,10,1,1,7.3516512
986,0,20,0,1,0,13,0,1,14.203065
987,0,19,0,0,0,17,0,0,5.1978097
988,1,15,0,0,1,13,1,0,15.273547
989,1,18,0,1,0,16,0,1,15.343819
990,1,19,0,0,0,16,0,0,9.2261066
991,1,19,1,0,0,14,0,0,17.82028
992,0,16,1,0,0,12,0,1,18.153456
993,0,18,0,1,0,6,0,1,18.22714
994,0,18,0,1,0,18,0,0,18.123674
995,1,19,0,0,1,15,0,1,12.37136
996,1,16,0,0,1,13,1,1,17.106602
997,0,11,0,0,0,9,0,1,15.072914
998,1,19,0,1,0,8,1,1,16.290518
999,1,16,0,1,0,17,1,1,8.7819958
1000,0,16,0,0,0,12,0,0,10.867434
1001,0,19,0,1,0,17,1,0,13.692506
1002,0,18,0,1,0,7,1,1,18.396402
1003,0,15,0,1,0,14,1,0,15.800324
1004,1,18,0,1,0,16,0,1,14.15817
1005,1,18,0,1,0,11,0,1,18.696318
1006,0,17,0,0,0,12,0,1,12.231272
1007,0,15,1,0,0,15,0,1,18.882223
1009,1,15,1,0,0,6,0,0,20.021891
1010,1,15,0,0,0,9,0,1,8.3735609
1012,0,20,0,1,0,19,1,1,17.831223
1013,1,16,0,0,1,18,0,1,19.516769
1014,1,18,0,1,0,6,1,1,17.608624
1015,0,15,0,0,0,11,0,0,11.080523
1016,1,18,0,1,0,15,0,0,15.113232
1017,0,18,0,1,0,15,0,1,16.560823
1018,1,17,0,0,0,17,0,0,11.579703
1019,1,19,0,1,0,16,0,1,11.684466
1020,1,18,1,0,0,15,0,1,18.156942
1021,1,13,1,0,0,7,0,1,20.230707
1022,0,19,0,1,0,14,0,1,16.846029
1023,0,15,0,0,0,9,0,0,12.944961
1024,0,9,0,0,0,6,0,0,16.627245
1025,1,18,0,1,0,16,1,1,17.106602
1026,1,16,0,1,0,6,0,0,16.117031
1027,0,14,0,0,1,11,1,1,17.778021
1029,1,16,0,0,0,16,0,0,10.453614
1030,0,16,0,1,0,12,0,1,16.065727
1031,1,17,0,1,0,1,1,1,15.168752
1032,0,18,1,0,0,18,0,1,19.209826
1033,0,16,0,0,0,18,0,0,12.212335
1034,0,20,0,1,0,12,1,1,17.106602
1035,1,18,0,1,0,19,0,0,16.078274
1037,1,16,0,0,0,12,0,1,10.18759
1038,0,16,1,0,0,15,0,1,17.272207
1040,0,16,0,1,0,15,0,1,7.3516512
1041,1,8,0,0,1,6,1,1,28.704992
1042,0,17,0,1,0,8,1,0,16.829517
1043,0,18,0,1,0,14,0,0,19.791645
1044,0,19,0,1,0,15,1,1,17.106602
1045,1,19,0,1,0,9,0,1,19.222849
1046,1,19,0,0,0,11,0,1,10.444806
1047,0,19,1,0,0,16,0,1,16.578524
1048,1,16,1,0,0,8,0,0,21.486164
1049,1,15,0,0,1,7,0,1,15.463371
1050,1,15,1,0,0,1,0,1,19.828854
1051,0,16,0,0,0,8,0,0,12.523835
1052,0,15,0,0,0,9,0,0,12.31569
1053,0,18,0,1,0,14,0,1,16.518473
1054,1,19,1,0,0,10,0,1,17.945442
1055,1,18,0,1,0,10,1,1,10.993453
1056,1,15,0,0,1,13,0,1,15.707179
1057,1,18,1,0,0,10,0,1,18.845886
1058,0,19,0,1,0,19,0,0,14.951877
1060,0,18,1,0,0,8,1,1,7.3516512
1061,1,18,0,0,1,15,0,1,16.602819
1062,0,18,0,1,0,11,0,1,17.315256
1063,0,19,0,1,0,15,1,1,14.911939
1064,1,20,0,1,0,8,1,1,18.39897
1066,0,16,0,1,0,14,1,0,16.104837
1067,0,14,0,1,0,11,0,1,25.452532
1068,1,16,0,0,1,4,0,0,18.465315
1069,1,19,0,0,0,16,0,0,7.4221678
1071,0,16,0,1,0,7,1,1,18.558702
1072,1,16,0,0,1,4,0,1,16.845356
1073,1,15,0,1,0,16,0,1,24.650097
1074,1,17,0,1,0,6,1,0,19.433746
1075,1,14,0,1,0,14,0,0,19.967293
1076,0,20,0,1,0,19,1,1,16.895229
1077,0,18,0,1,0,9,0,0,17.702467
1078,1,15,0,0,1,12,0,0,18.40476
1079,1,18,0,1,0,19,1,0,14.6964
1080,1,17,1,0,0,8,1,1,19.799089
1081,1,18,0,1,0,16,1,1,14.787441
1082,0,18,0,0,0,16,0,0,8.8688231
1083,1,15,0,0,0,13,0,0,9.9678745
1084,1,15,0,0,0,9,0,0,9.4596014
1085,0,19,0,1,0,18,0,1,14.625258
1086,0,18,0,1,0,12,1,1,14.940131
1087,0,14,1,0,0,9,0,0,18.706209
1088,0,15,1,0,0,10,0,0,21.186871
1089,0,15,0,0,1,13,0,1,19.06563
1090,1,18,0,1,0,11,0,1,15.461332
1091,1,14,1,0,0,9,0,1,18.344658
1092,1,16,0,1,0,19,1,0,16.289747
1093,1,16,0,0,1,11,1,0,26.861553
1094,0,11,0,0,1,11,1,1,27.642666
1095,0,14,0,0,1,4,1,1,20.876305
1096,0,14,0,0,1,10,0,1,17.750816
1097,0,17,0,1,0,3,0,0,22.21562
1098,1,18,0,1,0,17,0,0,17.758055
1099,0,16,1,0,0,18,0,1,17.706665
1100,0,16,0,0,1,8,0,1,18.102531
1101,1,18,0,1,0,7,0,1,15.157026
1102,0,19,0,1,0,16,1,0,13.051708
1103,1,18,0,0,0,11,0,0,14.694469
1104,1,19,0,1,0,16,1,1,14.313316
1105,0,19,0,1,0,19,0,0,16.133947
1106,0,20,0,1,0,9,1,1,31.131266
1108,0,19,0,1,0,15,1,0,21.376314
1109,0,19,0,1,0,18,1,1,18.536947
1110,0,16,0,0,0,8,0,0,14.143116
1111,0,18,0,1,0,17,0,0,14.907666
1112,0,18,0,1,0,15,0,0,18.770416
1113,0,18,1,0,0,10,0,0,18.969355
1114,1,15,1,0,0,6,0,0,18.176521
1115,1,18,0,1,0,17,0,1,16.82937
1116,0,18,0,0,1,12,0,1,12.423798
1117,0,16,0,1,0,5,0,1,19.950638
1118,0,19,1,0,0,19,0,1,17.135635
1119,1,18,0,1,0,17,1,0,17.106602
1120,1,15,0,0,1,11,1,0,19.31806
1121,0,19,0,1,0,1,1,0,17.106602
1122,0,20,0,1,0,16,1,0,17.106602
1123,0,19,0,0,1,19,1,0,16.762997
1124,1,20,0,1,0,19,0,1,14.975722
1126,0,15,1,0,0,13,0,1,21.882458
1127,1,18,0,1,0,15,0,1,15.546864
1128,0,15,1,0,0,15,0,1,19.0207
1129,0,17,0,1,0,6,1,0,18.22204
1130,0,16,0,0,1,9,0,0,22.024544
1131,1,18,0,0,0,16,0,1,5.7290559
1132,0,18,0,0,1,17,0,1,14.650478
1133,0,19,0,1,0,12,0,1,16.1199
1134,0,15,1,0,0,11,0,1,21.340986
1135,1,16,0,0,1,12,0,1,18.27564
1136,1,16,0,1,0,12,0,1,17.987432
1138,1,16,1,0,0,16,0,1,17.237272
1139,0,12,0,0,0,6,0,0,11.665539
1142,1,10,1,0,0,1,0,0,18.417311
1143,0,15,1,0,0,4,1,0,20.509432
1144,0,15,1,0,0,12,0,0,21.793926
1145,0,15,0,0,0,16,0,1,10.172802
1146,0,15,0,1,0,19,1,0,15.249178
1147,0,18,0,0,0,13,0,1,11.269743
1148,0,18,0,0,0,17,0,0,11.674244
1149,0,15,0,1,0,11,1,0,21.81073
1150,0,18,0,1,0,12,1,0,30.135336
1152,1,18,0,1,0,19,1,0,13.633496
1153,1,19,0,0,0,19,0,1,6.4297438
1155,0,18,1,0,0,19,0,1,16.539452
1157,0,18,0,0,0,18,0,0,9.6672611
1158,1,15,0,0,0,12,0,0,9.1577749
1159,1,15,0,0,0,13,0,1,10.424644
1161,0,9,0,0,1,13,1,0,19.967293
1162,0,15,0,0,0,10,0,1,10.781206
1163,0,15,0,0,0,9,0,0,11.970097
1164,0,15,0,0,0,10,0,0,11.997303
1165,1,14,0,0,1,9,1,0,36.616505
1166,0,7,1,0,0,12,0,1,22.918192
1167,0,15,1,0,0,2,0,1,24.042999
1168,0,14,1,0,0,5,0,1,21.218399
1169,0,15,0,0,0,5,0,0,17.372173
1170,0,18,0,0,0,14,0,0,9.3016272
1171,1,15,1,0,0,8,0,0,21.481064
1172,0,19,0,1,0,14,1,0,16.110674
1173,0,15,0,0,0,12,0,1,20.993082
1174,1,15,0,0,1,7,0,1,17.712601
1175,1,16,0,0,0,16,0,1,10.239094
1176,1,13,0,0,1,11,1,1,17.300097
1177,0,16,0,0,0,16,0,1,13.006556
1178,0,16,1,0,0,7,0,0,19.103622
1179,0,9,0,0,1,8,1,1,29.70092
1180,0,18,0,1,0,13,1,0,15.968914
1181,0,14,0,1,0,11,0,0,17.378729
1182,0,16,0,0,0,1,0,0,14.782062
1184,1,16,1,0,0,15,1,0,19.32082
1185,0,17,0,0,0,10,0,1,9.0493832
1186,1,18,0,1,0,14,1,0,17.734512
1187,1,18,0,1,0,14,1,1,12.568939
1188,1,15,1,0,0,3,0,1,18.267563
1189,1,16,0,0,0,10,0,0,13.755769
1190,1,16,0,0,1,9,1,0,16.232883
1191,0,9,0,0,1,5,1,1,33.34272
1192,1,10,0,1,0,3,0,1,18.50931
1193,0,17,0,1,0,4,0,1,17.764444
1194,0,17,0,0,0,16,0,0,10.156291
1195,0,19,0,1,0,19,0,1,14.061476
1196,0,19,0,1,0,17,0,1,16.628078
1197,0,18,0,1,0,14,0,0,23.145704
1199,1,18,1,0,0,17,1,0,18.483467
1200,1,19,0,0,1,16,1,0,23.58777
1201,0,17,0,0,1,14,0,1,19.034306
1202,1,15,0,0,1,10,1,0,18.904966
1203,0,18,0,1,0,14,0,0,16.038567
1204,1,18,0,1,0,10,1,0,26.861553
1205,1,17,0,1,0,14,1,1,13.486124
1206,1,16,1,0,0,6,0,0,19.884937
1207,1,19,0,1,0,19,1,1,13.638597
1208,0,18,0,1,0,17,0,1,14.170887
1209,1,18,0,1,0,17,1,1,17.658445
1210,0,15,1,0,0,13,0,0,20.362787
1211,1,15,0,0,0,8,0,0,12.990513
1212,1,16,1,0,0,13,0,1,20.662907
1213,1,15,1,0,0,11,0,1,17.068998
1214,1,13,0,0,1,15,0,0,21.261639
1215,1,15,0,0,0,15,0,1,9.3352671
1216,0,20,0,1,0,18,1,0,17.106602
1217,0,16,0,0,1,13,0,0,17.551058
1218,0,18,0,0,0,17,0,0,9.8587379
1219,1,15,1,0,0,14,0,1,19.575928
1220,1,20,0,1,0,8,1,1,8.7819958
1221,0,10,0,0,0,11,0,0,17.819555
1222,1,16,0,0,0,8,0,0,14.07672
1223,0,14,0,0,1,17,0,0,14.713952
1224,1,15,0,0,0,7,0,0,10.376475
1225,1,15,0,0,0,13,1,0,10.915439
1226,0,15,0,0,0,7,0,1,11.685591
1227,0,18,0,0,0,4,0,0,10.491961
1228,1,16,1,0,0,13,0,1,17.899837
1229,0,16,1,0,0,2,0,0,24.232758
1230,0,18,1,0,0,10,0,0,18.535723
1231,0,14,1,0,0,11,0,0,23.568705
1232,0,18,1,0,0,15,0,1,20.057047
1233,0,16,0,1,0,16,1,1,13.066319
1234,0,15,0,0,0,12,0,1,13.18378
1235,0,18,0,0,0,13,0,0,7.1443582
1236,0,16,0,1,0,13,1,0,17.516668
1237,1,18,0,1,0,16,1,1,14.614939
1238,1,18,1,0,0,16,0,1,21.023691
1239,1,18,0,1,0,15,1,0,17.127954
1240,0,16,0,0,0,4,0,0,12.775906
1241,1,20,0,1,0,19,1,1,13.464802
1242,0,15,0,0,1,8,0,0,16.325491
1243,1,16,1,0,0,8,0,1,19.993114
1244,1,18,0,1,0,9,1,1,16.350906
1245,1,17,0,0,0,6,0,0,10.801093
1246,0,15,0,0,0,17,0,0,13.423426
1247,0,15,0,0,1,5,0,1,18.883642
1248,1,18,0,0,0,15,0,1,10.525236
1249,0,19,1,0,0,18,0,1,18.009968
1250,0,18,0,0,0,18,0,1,11.271397
1251,0,13,0,0,1,7,0,1,26.861553
1252,1,17,0,1,0,10,0,0,17.735327
1253,1,19,0,1,0,12,1,0,18.536947
1254,1,18,0,1,0,16,1,1,16.959522
1255,1,16,0,1,0,9,0,1,17.119343
1256,0,15,1,0,0,10,0,1,19.96661
1257,0,19,0,0,0,16,0,0,9.1308899
1258,1,19,0,1,0,18,1,0,7.3516512
1259,1,16,1,0,0,16,0,1,18.100372
1260,1,18,0,1,0,14,1,1,14.267236
1262,0,19,0,0,0,19,0,0,9.3697081
1263,1,19,0,1,0,16,1,1,18.102531
1264,1,16,0,0,1,13,0,1,17.216806
1265,0,19,1,0,0,14,0,1,18.91062
1267,1,15,0,0,1,14,1,1,12.402475
1268,1,17,0,1,0,17,0,0,16.106371
1269,1,15,0,0,0,12,0,1,9.7257204
1270,1,16,1,0,0,8,1,0,17.883038
1271,1,14,0,1,0,11,1,1,10.191018
1272,1,10,1,0,0,13,0,0,19.061605
1273,0,18,0,0,0,16,0,0,10.457225
1274,1,16,0,0,0,16,0,0,10.986855
1275,0,13,0,0,0,2,0,1,23.258667
1277,1,16,1,0,0,4,0,1,19.401056
1278,1,18,0,1,0,16,1,1,15.04857
1281,1,18,0,0,1,16,0,1,16.29591
1282,1,11,0,0,1,11,1,1,17.887714
1283,0,15,0,0,0,15,0,0,12.475034
1284,1,18,1,0,0,16,0,1,19.876324
1285,0,15,0,0,1,10,1,1,18.385187
1286,0,15,0,0,1,7,0,1,18.760494
1287,0,14,1,0,0,7,0,1,19.672932
1288,1,10,0,1,0,13,1,0,16.512945
1289,1,17,0,1,0,16,1,1,16.474607
1290,0,14,0,0,1,13,1,1,36.616505
1291,0,20,0,1,0,13,1,1,7.3516512
1292,0,19,0,0,0,13,0,0,11.171071
1293,1,18,0,1,0,14,1,1,7.3516512
1295,1,10,0,0,1,6,1,0,28.291899
1297,0,16,0,0,0,6,0,1,13.774147
1298,1,16,1,0,0,13,0,1,21.748947
1299,1,18,0,1,0,14,1,0,8.7819958
1300,1,19,0,1,0,7,1,1,25.452532
1301,1,15,0,0,0,12,0,1,5.466022
1302,0,15,0,0,0,11,0,1,12.300784
1303,1,18,0,1,0,17,1,1,18.544682
1304,0,16,0,1,0,12,1,0,17.608536
1305,1,19,0,1,0,11,1,1,14.46902
1306,0,15,1,0,0,15,0,0,20.102484
1307,0,15,0,0,1,12,0,1,16.237072
1308,1,13,1,0,0,8,0,1,19.843683
1309,1,15,0,0,0,15,0,0,10.037432
1310,1,15,0,0,1,11,1,1,17.555883
1311,0,15,0,0,1,10,1,0,14.635254
1312,0,14,1,0,0,9,0,0,21.223295
1313,0,14,0,0,1,8,1,1,19.054712
1314,0,16,0,1,0,13,0,0,21.34264
1315,1,14,1,0,0,8,0,0,18.217842
1316,1,12,1,0,0,12,0,0,16.121183
1317,1,14,0,0,1,3,1,0,24.996792
1318,1,15,0,0,0,15,0,0,6.533915
1320,0,19,0,1,0,19,1,1,14.690747
1321,1,17,0,0,0,16,0,0,9.0428152
1322,1,16,1,0,0,4,0,1,21.400635
1324,0,15,0,0,1,11,1,1,36.616505
1325,0,18,0,1,0,15,1,0,17.106602
1326,1,16,0,0,1,16,0,1,19.01358
1328,0,20,0,0,0,19,0,0,10.978945
1329,0,18,0,1,0,15,1,0,19.164858
1330,0,11,0,0,1,11,1,0,7.3516512
1331,1,15,0,0,0,7,0,1,9.2904348
1332,1,11,0,0,1,6,1,0,24.650097
1333,0,18,0,1,0,2,1,1,19.047157
1334,1,14,0,0,0,8,0,1,10.329263
1335,0,15,0,0,1,16,0,0,15.543965
1336,1,15,1,0,0,1,0,0,18.965754
1337,0,19,0,1,0,15,0,0,16.259109
1338,1,15,0,0,1,14,0,0,16.229343
1339,0,18,1,0,0,14,0,0,18.092268
1340,1,7,0,0,1,8,1,0,29.051687
1341,0,15,0,0,0,6,0,1,14.7548
1342,0,19,0,1,0,19,1,0,15.519821
1343,0,15,0,0,0,12,1,1,9.9487953
1344,0,15,1,0,0,4,0,0,25.398401
1345,1,20,1,0,0,16,1,0,18.102531
1346,1,11,0,0,1,10,1,1,13.986021
1347,1,19,0,1,0,16,1,1,13.618463
1348,1,18,0,1,0,9,1,1,13.392197
1349,1,16,0,0,1,12,0,1,26.861553
1350,0,16,0,1,0,16,0,1,16.496943
1351,0,13,0,0,1,16,0,0,17.923941
1352,0,15,1,0,0,4,0,1,22.792688
1353,1,14,1,0,0,5,0,1,19.433207
1354,0,8,0,0,1,5,1,0,25.018116
1355,0,15,1,0,0,11,0,1,19.145863
1356,1,18,0,1,0,10,1,1,13.464802
1357,0,16,0,1,0,13,1,1,16.672186
1359,1,11,0,0,1,4,1,0,19.31806
1360,0,18,0,1,0,16,0,1,15.682234
1361,1,15,0,0,0,9,0,1,10.03171
1362,0,18,0,1,0,10,1,1,10.625435
1363,0,17,0,0,0,13,0,1,9.0543718
1364,1,14,0,0,0,3,0,1,11.498113
1365,0,17,1,0,0,13,0,1,18.941942
1366,0,18,0,0,0,16,0,1,9.7550602
1367,1,10,0,0,0,3,0,1,12.693219
1368,1,15,1,0,0,13,0,1,19.744268
1369,0,15,1,0,0,6,0,0,18.142632
1370,0,16,1,0,0,5,0,1,21.279037
1371,1,15,0,1,0,1,0,0,33.755814
1373,1,17,0,1,0,15,0,1,21.548485
1374,1,16,0,0,0,2,0,0,12.018762
1376,1,16,0,0,0,13,0,0,14.34018
1377,0,16,0,0,1,19,0,0,19.184481
1378,1,20,0,1,0,13,1,0,12.797919
1379,1,15,1,0,0,2,0,0,22.300253
1380,0,15,1,0,0,4,0,0,21.967777
1381,1,15,0,0,1,5,1,1,14.613932
1382,1,18,1,0,0,11,0,1,16.72415
1383,1,19,0,1,0,17,1,0,15.614211
1384,1,16,1,0,0,4,0,0,19.056051
1385,0,15,1,0,0,6,0,0,20.583246
1386,0,15,1,0,0,15,0,0,16.737444
1388,1,15,1,0,0,15,1,1,16.448786
1389,1,15,0,1,0,14,1,1,10.212341
1390,1,19,0,1,0,12,1,1,19.577951
1393,1,18,0,1,0,2,1,0,13.854142
1394,0,15,0,0,1,15,1,1,19.277243
1395,0,15,0,1,0,15,0,1,14.818055
1396,1,15,0,0,1,19,1,1,16.223682
1397,1,19,0,0,0,14,0,0,9.6248846
1398,1,18,0,1,0,13,1,0,15.676258
1399,0,8,0,0,1,7,1,0,28.726315
1400,1,14,0,1,0,17,1,1,17.53726
1401,1,16,0,0,0,17,0,0,6.1062112
1402,0,18,0,0,0,14,0,1,6.5847387
1404,1,11,0,0,1,8,1,0,22.504122
1405,0,16,0,0,1,7,1,1,22.597336
1406,1,18,0,1,0,17,0,1,15.74333
1407,0,15,0,0,1,5,1,1,27.663988
1408,1,18,0,1,0,10,1,1,14.091121
1409,0,15,0,0,1,12,1,0,19.31806
1410,0,14,0,0,1,7,1,1,26.861553
1412,0,15,0,0,1,13,0,1,23.559156
1413,0,15,0,0,0,12,0,0,12.865487
1414,1,15,1,0,0,11,0,1,16.965225
1415,0,18,0,1,0,8,0,0,16.512657
1416,1,17,1,0,0,1,0,0,20.407587
1417,0,17,0,0,1,18,0,1,15.708187
1418,1,17,0,0,1,16,0,1,13.895882
1419,0,17,1,0,0,13,0,1,18.689232
1420,0,18,0,0,0,9,0,0,10.581654
1421,0,15,1,0,0,7,0,1,23.292635
1422,0,16,0,0,0,16,0,0,6.0299692
1424,0,13,1,0,0,6,0,1,21.58551
1425,1,15,0,0,0,18,0,1,11.550527
1428,1,15,1,0,0,16,0,0,16.418243
1430,1,18,0,1,0,15,1,0,15.63549
1431,1,17,0,1,0,8,1,0,14.169656
1432,0,18,0,1,0,15,1,1,7.3516512
1433,1,18,0,0,0,16,0,0,11.481126
1434,1,16,0,0,0,13,0,1,5.9975438
1435,0,15,0,0,1,16,0,0,16.802507
1436,0,20,0,0,1,13,0,1,14.37951
1438,1,16,0,0,0,17,0,0,8.3396187
1439,1,15,0,1,0,11,1,0,30.135336
1440,0,20,0,0,1,14,1,0,18.397881
1441,0,16,0,0,1,13,1,1,18.898228
1442,1,17,1,0,0,16,1,1,15.135876
1444,1,11,0,0,1,8,1,1,20.402514
1445,0,16,0,0,0,9,0,0,11.173424
1446,0,20,0,1,0,17,1,0,10.191018
1447,0,17,0,0,1,15,0,1,18.470524
1448,1,18,0,1,0,16,1,1,15.182883
1449,0,18,0,1,0,12,1,0,19.599274
1450,1,19,0,1,0,11,1,0,29.073009
1451,0,18,0,1,0,13,1,0,15.662191
1452,0,16,0,1,0,19,0,0,15.192952
1453,0,11,0,0,1,7,0,0,22.031652
1454,0,8,0,0,1,8,1,0,22.95986
1455,1,10,0,0,1,4,1,1,14.895145
1456,0,16,1,0,0,14,0,1,17.563293
1457,0,19,0,1,0,11,0,0,16.817995
1458,0,18,0,0,0,7,0,0,7.7527618
1459,1,16,0,0,1,15,0,1,14.159409
1460,0,15,0,0,0,17,0,1,11.785264
1461,0,15,1,0,0,1,0,1,19.318886
1462,0,17,1,0,0,11,0,1,22.893997
1463,0,16,1,0,0,7,0,0,21.409922
1464,0,19,1,0,0,6,1,1,17.173613
1465,0,15,1,0,0,5,0,1,19.231915
1466,1,18,0,1,0,12,0,1,18.566166
1467,0,16,1,0,0,12,0,0,17.244173
1468,0,18,0,0,1,13,0,0,18.440771
1469,0,12,1,0,0,6,0,1,19.542643
1470,0,15,0,0,0,10,0,0,13.877713
1471,1,12,0,0,0,2,0,0,13.912209
1472,1,15,1,0,0,1,0,0,19.786407
1473,1,18,0,1,0,8,1,1,24.650097
1474,1,13,1,0,0,1,0,1,20.382341
1475,1,13,1,0,0,10,0,0,21.383062
1476,1,16,0,0,1,13,1,1,15.501494
1477,1,15,0,0,1,10,1,0,17.106602
1478,1,15,1,0,0,11,0,0,20.177073
1479,0,18,0,1,0,15,1,1,26.861553
1480,0,19,0,1,0,17,1,1,17.518478
1481,0,15,0,0,0,13,0,0,11.39233
1483,1,17,0,0,1,15,0,1,14.287163
1484,1,19,0,1,0,16,1,1,7.3516512
1485,1,15,0,0,1,10,0,1,17.789806
1487,1,16,1,0,0,15,0,1,16.710852
1488,0,15,0,0,0,8,0,0,12.672357
1489,1,15,1,0,0,12,1,1,20.569273
1490,0,19,0,1,0,15,0,1,16.558521
1491,1,13,1,0,0,12,0,1,18.95068
1492,1,16,0,0,1,19,0,1,14.897347
1493,0,16,0,1,0,13,1,0,19.566002
1494,1,8,0,0,1,2,1,0,26.861553
1495,0,19,0,1,0,17,0,0,21.81073
1496,1,9,0,0,1,6,1,0,33.755814
1497,1,13,1,0,0,17,0,1,16.622896
1499,0,18,0,0,0,17,0,0,9.7974119
1500,0,16,0,0,1,10,0,1,11.774565
1501,1,20,0,0,0,16,0,1,9.1127176
1502,0,20,0,1,0,15,0,0,14.81012
1503,1,17,0,1,0,14,1,0,17.106602
1504,1,20,0,0,1,18,0,0,14.982906
1505,1,17,0,1,0,9,1,0,18.536947
1506,1,15,1,0,0,8,0,0,18.875351
1507,0,15,1,0,0,13,0,1,19.380518
1508,0,15,0,0,1,7,0,1,56.126408
1511,1,16,1,0,0,4,0,0,21.834265
1512,1,19,0,1,0,15,0,1,16.231672
1513,0,19,0,1,0,12,0,1,17.846779
1514,0,18,0,0,0,19,0,1,8.9691648
1515,1,20,0,1,0,17,1,0,15.669656
1517,1,17,0,0,0,19,0,1,7.6549487
1518,1,9,0,0,1,8,1,0,15.676258
1519,0,19,0,1,0,17,0,1,16.298218
1520,1,17,0,0,0,17,0,0,7.8266234
1521,1,15,0,0,1,5,1,1,17.106602
1522,1,15,1,0,0,12,0,1,17.92528
1523,0,15,1,0,0,5,0,0,27.536268
1524,1,15,0,0,1,11,1,1,22.100681
1526,1,19,0,1,0,12,1,0,17.106602
1527,0,10,0,0,1,9,1,0,18.550573
1529,0,18,0,1,0,15,0,0,17.055782
1530,0,16,0,0,0,11,0,1,11.960879
1531,0,15,0,0,1,11,0,0,15.242992
1533,1,19,0,0,0,19,0,1,6.8865128
1536,1,19,1,0,0,12,0,1,16.860229
1537,1,18,0,0,1,8,0,0,19.420572
1538,0,15,1,0,0,16,0,1,18.886293
1539,1,15,0,0,1,15,1,1,20.830805
1540,0,15,1,0,0,15,0,0,27.320799
1541,1,15,0,0,1,10,1,0,18.515625
1544,0,18,0,1,0,14,0,1,17.224215
1545,0,16,0,0,0,19,0,0,12.807486
1546,1,16,0,1,0,16,1,1,16.603727
1548,1,19,1,0,0,15,0,1,18.185087
1549,1,19,0,1,0,16,1,1,16.005491
1550,0,13,0,0,1,4,0,1,20.180607
1551,1,15,0,0,1,15,0,1,14.756279
1552,0,15,0,0,1,19,0,0,15.721457
1553,0,13,1,0,0,11,0,1,19.680468
1554,0,9,0,0,1,4,1,1,19.31806
1555,0,19,0,1,0,14,1,0,7.3516512
1556,1,16,0,1,0,13,0,0,14.449794
1557,1,18,0,1,0,8,1,1,17.310131
1558,1,18,1,0,0,1,0,0,20.174603
1560,0,15,0,0,1,16,0,1,19.580723
1561,1,16,0,0,0,19,0,1,10.362573
1562,0,15,0,0,0,13,0,1,10.647718
1563,1,15,0,0,0,8,0,1,14.528388
1564,1,18,0,0,0,8,0,0,10.830158
1565,0,18,0,1,0,12,1,0,19.31806
1567,0,18,0,1,0,16,1,1,7.3516512
1568,1,15,1,0,0,10,0,1,16.961157
1569,0,14,0,0,0,12,0,0,10.945271
1570,0,16,0,0,1,19,0,0,7.3516512
1571,0,16,1,0,0,16,0,0,15.783319
1573,1,15,0,0,1,6,1,1,9.5631084
1574,1,18,0,1,0,14,0,1,14.895145
1575,0,17,0,0,1,6,0,0,19.284723
1576,1,15,0,0,1,12,0,0,16.704594
1577,0,19,0,1,0,14,1,1,15.145863
1578,0,19,1,0,0,16,0,1,17.848543
1579,1,9,0,0,1,12,1,0,18.536947
1580,1,15,0,0,0,3,0,1,13.264707
1581,0,16,1,0,0,7,0,1,20.953154
1582,1,19,0,1,0,17,1,0,14.751018
1583,1,8,0,0,1,8,1,0,18.536947
1585,0,15,0,0,1,13,0,1,19.499262
1586,0,17,0,0,0,4,0,1,8.939888
1587,1,15,1,0,0,10,0,1,17.828421
1588,1,16,1,0,0,7,0,0,18.051472
1589,1,15,0,1,0,11,1,1,30.763247
1590,1,15,1,0,0,18,0,1,19.550282
1591,1,17,0,0,1,18,0,1,17.070366
1594,1,18,0,1,0,19,1,0,14.396988
1595,1,19,1,0,0,16,0,0,19.708921
1597,0,18,0,1,0,7,1,0,19.244356
1598,0,13,0,0,1,8,0,0,21.137228
1599,1,18,0,1,0,17,1,0,14.956702
1600,1,18,1,0,0,11,0,0,18.282104
1601,1,16,1,0,0,16,0,0,20.211128
1602,0,15,0,0,0,13,0,0,9.8186445
1603,0,19,0,1,0,11,0,0,13.544728
1604,0,15,1,0,0,8,0,1,18.273516
1605,1,7,0,0,1,14,1,0,21.688234
1606,1,15,0,0,0,16,0,0,14.298052
1607,0,19,0,1,0,13,1,0,11.642686
1608,0,20,0,1,0,18,1,0,13.199314
1609,1,19,0,0,0,16,0,0,4.2758107
1610,1,18,0,1,0,17,0,1,17.224813
1611,1,16,0,0,1,13,1,0,15.676258
1612,0,19,0,1,0,14,0,0,14.612621
1615,1,12,0,0,1,9,1,0,24.368883
1616,1,15,0,1,0,3,0,1,17.106602
1617,0,19,0,1,0,13,0,0,15.644156
1618,0,11,0,0,1,4,0,0,17.341753
1619,1,19,0,1,0,17,1,0,14.317386
1620,0,15,0,0,1,8,1,0,27.642666
1621,1,16,0,0,0,3,0,1,15.713906
1622,0,15,0,0,0,13,0,1,16.330965
1623,1,15,1,0,0,6,0,1,20.026054
1624,0,11,0,0,0,10,0,1,13.622894
1625,1,13,1,0,0,1,0,1,20.493517
1626,0,18,0,0,0,16,0,1,9.6705971
1627,0,16,0,0,0,13,0,1,10.395854
1628,0,18,0,1,0,19,1,1,7.3516512
1629,1,17,0,0,1,19,0,1,15.197603
1630,0,19,0,0,1,19,1,1,7.3516512
1631,1,18,0,0,1,16,1,1,16.790962
1634,0,15,0,0,1,7,1,1,21.548485
1635,0,16,0,0,0,11,0,0,10.568116
1636,1,16,0,0,1,8,1,1,15.95661
1637,0,15,1,0,0,14,0,0,19.580227
1639,0,10,0,0,1,7,1,1,11.774565
1642,1,10,0,0,1,4,1,0,26.795156
1643,1,16,1,0,0,11,0,1,16.272326
1644,1,15,0,0,0,9,0,1,9.2912626
1645,0,15,0,0,0,13,0,1,13.192105
1647,0,19,0,1,0,16,1,1,8.7819958
1648,1,11,0,0,1,13,1,1,9.5631084
1649,0,16,0,0,0,2,0,1,9.4677858
1650,1,19,0,1,0,19,1,1,17.464569
1651,0,17,0,1,0,11,0,1,17.78207
1653,0,15,0,0,0,11,1,1,13.214322
1654,1,19,0,1,0,12,1,1,12.404874
1655,1,17,0,1,0,19,0,0,13.501487
1656,0,14,0,0,0,7,0,1,12.654766
1658,0,9,0,0,1,10,1,0,29.073009
1659,0,17,1,0,0,16,0,0,17.292946
1660,1,19,0,1,0,16,0,1,13.660908
1662,1,9,0,0,1,7,1,1,36.616505
1664,0,19,0,1,0,12,1,1,18.537376
1666,1,16,1,0,0,10,0,0,20.619728
1667,1,15,0,0,1,8,1,0,13.832819
1668,1,18,0,1,0,13,0,1,12.399679
1669,1,12,0,0,1,4,1,1,26.21232
1670,1,14,1,0,0,14,0,1,18.522976
1673,1,20,0,0,0,19,0,0,4.9764986
1674,0,19,0,1,0,10,1,1,19.254446
1675,1,15,0,0,1,4,1,1,21.529516
1677,0,10,0,0,1,6,1,1,17.887714
1678,1,8,0,0,1,8,1,1,12.402475
1679,1,16,0,1,0,19,0,0,18.423544
1681,0,16,0,0,1,12,1,1,17.106602
1682,1,14,0,1,0,1,1,0,7.3516512
1683,0,18,0,1,0,12,0,1,16.617161
1685,0,15,0,0,0,4,0,1,11.719469
1686,0,18,0,1,0,15,0,1,18.798395
1687,0,14,0,0,1,12,1,1,18.277142
1688,1,16,0,1,0,7,0,0,16.159384
1689,0,15,0,0,1,12,0,1,25.777905
1690,0,14,1,0,0,8,0,0,21.614574
1692,0,14,1,0,0,12,0,1,18.749388
1695,0,15,0,0,1,11,1,0,14.895145
1696,1,14,0,0,1,13,0,1,16.565178
1698,0,20,1,0,0,18,0,0,17.022341
1699,0,16,0,0,0,13,0,0,12.640828
1700,0,18,0,0,0,19,0,1,7.349884
1701,1,14,0,0,1,4,0,1,10.191018
1702,1,18,1,0,0,13,0,0,15.677219
1704,1,18,0,1,0,11,1,0,14.217936
1705,0,18,0,1,0,17,1,1,18.536947
1706,1,19,0,0,0,17,0,1,8.6664867
1708,1,16,1,0,0,6,0,0,18.277653
1709,0,19,0,1,0,15,1,0,14.110165
1710,1,12,0,0,1,16,0,0,15.3853
1711,0,18,0,1,0,10,0,0,10.212341
1714,1,19,0,1,0,12,0,1,15.463192
1716,0,20,0,1,0,18,0,0,16.503027
1717,0,8,0,0,0,7,0,1,12.577301
1718,0,16,0,0,1,8,0,1,18.589851
1720,1,14,1,0,0,14,0,1,17.436935
1721,1,16,1,0,0,14,0,0,19.446716
1723,0,16,0,1,0,1,1,0,36.616505
1727,0,19,0,1,0,17,1,1,15.150852
1728,0,18,1,0,0,15,0,0,19.600279
1729,1,18,0,0,1,17,1,1,16.833313
1730,0,18,0,1,0,7,0,1,16.209175
1731,1,20,0,1,0,9,1,1,17.755835
1732,1,15,1,0,0,9,0,1,20.660315
1733,1,16,1,0,0,10,0,1,18.708776
1735,0,18,0,1,0,10,0,1,18.596937
1736,1,16,1,0,0,9,0,1,19.563553
1737,0,15,0,0,1,11,0,1,16.847128
1738,1,16,1,0,0,16,0,1,18.100372
1739,1,16,0,1,0,12,0,1,15.569955
1743,1,11,1,0,0,1,0,0,22.628096
1744,0,15,0,0,1,6,0,0,18.326958
1745,0,16,0,1,0,3,1,1,18.818178
1746,1,15,1,0,0,15,0,0,14.990439
1747,0,16,0,0,0,16,0,1,10.089864
1748,0,16,0,0,1,12,0,1,17.328213
1749,0,10,0,0,1,1,1,1,25.43121
1750,1,19,1,0,0,16,0,1,17.164536
1751,1,11,0,0,1,7,1,0,32.974705
1752,1,7,0,0,1,8,1,1,18.277056
1753,0,19,0,1,0,15,1,0,10.625435
1754,0,20,0,0,0,16,0,1,5.7898302
1756,1,16,0,0,1,16,0,0,14.692555
1757,0,18,1,0,0,17,0,1,19.827194
1758,0,15,1,0,0,8,1,1,19.536314
1760,1,17,1,0,0,15,0,1,17.000219
1761,1,18,0,1,0,14,1,1,10.191018
1762,1,16,0,1,0,8,1,0,17.115273
1763,1,13,0,0,0,4,0,0,14.09863
1765,1,11,0,0,1,5,0,1,19.945969
1767,0,10,0,0,1,12,1,0,19.143536
1769,1,19,0,1,0,19,1,0,11.642686
1771,1,15,0,0,1,8,0,1,19.31806
1772,1,17,0,1,0,10,1,1,16.058298
1773,0,16,1,0,0,16,0,1,18.980021
1774,0,20,0,0,0,17,0,0,9.4626083
1775,1,7,0,0,1,14,1,0,16.69351
1776,1,18,0,1,0,17,1,1,16.042742
1778,1,20,1,0,0,19,0,0,13.632827
1779,1,16,1,0,0,16,0,0,18.752781
1780,1,12,1,0,0,1,0,0,20.917885
1781,0,17,0,0,1,17,1,0,19.468765
1782,1,13,1,0,0,8,0,1,19.471285
1783,0,15,0,0,0,8,0,1,12.775701
1784,1,18,0,1,0,9,1,0,16.216593
1785,1,15,1,0,0,2,0,0,20.942101
1786,1,15,1,0,0,1,0,0,20.085819
1787,0,12,0,0,1,8,0,0,19.688927
1788,1,13,0,0,1,9,0,1,19.954927
1789,1,15,0,0,1,17,0,0,16.272615
1790,0,19,0,1,0,11,1,0,7.3516512
1791,1,19,0,1,0,19,1,1,10.46494
1792,0,9,0,0,1,9,1,1,17.106602
1794,0,16,0,0,1,9,1,0,20.504871
1795,1,16,0,0,0,16,0,0,9.037714
1796,0,16,1,0,0,12,0,1,18.153456
1797,1,15,1,0,0,3,0,0,21.698187
1799,1,18,0,1,0,14,1,0,19.31806
1801,0,13,1,0,0,5,0,0,21.02932
1802,0,14,1,0,0,12,0,1,19.574299
1803,0,19,1,0,0,16,0,1,18.845957
1805,1,20,0,1,0,7,1,0,27.902557
1808,1,16,0,0,0,16,0,1,13.147276
1810,0,17,0,0,1,14,0,0,18.815622
1811,0,11,0,0,0,8,0,1,14.373991
1812,0,15,0,0,0,16,0,0,5.9975681
1813,1,15,0,0,0,13,0,0,11.115241
1814,1,18,1,0,0,17,0,0,16.833645
1815,0,18,1,0,0,13,0,1,18.778797
1816,1,9,0,0,1,7,1,1,14.635254
1818,1,17,0,0,0,14,0,1,11.279558
1819,0,18,0,0,0,13,0,1,11.442245
1821,0,16,1,0,0,5,0,0,20.845406
1822,1,18,0,0,0,12,0,1,9.5958195
1823,1,19,0,1,0,18,1,0,11.190336
1824,0,7,0,0,1,9,1,1,24.330284
1826,1,17,0,0,1,18,0,1,14.72162
1827,1,15,1,0,0,11,0,0,17.106602
1829,1,15,1,0,0,3,0,1,20.182678
1831,0,17,1,0,0,15,0,0,16.53686
1832,0,7,0,0,1,1,1,1,10.191018
